HouseID,Area_sqft,Bedrooms,Bathrooms,Floors,HouseAge,Garage,LocationScore,SchoolRating,CrimeRate,DistanceCity_km,Price
1,3051,1,1,1,1,2,4,6,1,12,2332241
2,3792,2,5,3,10,2,2,8,2,29,4225111
3,2686,5,1,3,4,1,1,7,6,23,4255433
4,3744,5,1,1,38,1,8,4,4,5,4367324
5,2135,3,2,1,13,3,3,6,6,9,3381398
6,2107,3,3,1,9,3,1,8,10,26,3840396
7,2093,2,4,3,22,2,1,1,1,31,3085233
8,4935,6,4,2,8,0,2,9,10,32,5623557
9,3524,6,3,3,12,0,8,10,9,12,6095113
10,3350,3,1,2,28,0,8,1,4,20,2683648
11,4616,4,3,2,28,3,7,1,1,3,5176639
12,3767,5,3,2,29,0,7,4,1,42,5039121
13,1739,3,3,2,1,0,5,4,2,29,4028079
14,4982,1,3,3,5,1,10,5,3,11,3720637
15,2847,1,2,2,21,0,5,10,2,27,2869193
16,1528,5,3,2,12,1,10,5,5,40,5376746
17,1500,2,4,1,7,2,10,1,2,41,4077873
18,4131,6,2,3,26,2,6,6,8,37,5249456
19,4813,1,5,3,34,2,10,7,9,21,3958287
20,2403,2,3,1,33,2,2,5,10,41,2688987
21,4818,3,1,3,2,1,1,9,8,18,3221087
22,723,2,2,2,27,2,2,1,5,25,2156137
23,4452,1,3,2,22,1,7,10,1,49,3223227
24,4853,3,3,1,34,2,6,10,2,5,4835107
25,3569,1,4,1,28,1,8,1,7,16,2752289
26,1109,4,1,1,2,0,6,6,4,38,3892382
27,1648,2,4,3,40,1,6,4,8,46,2876174
28,2163,5,3,1,16,2,10,3,6,8,5408280
29,4337,5,5,3,26,2,5,10,10,26,6205333
30,4170,1,2,1,4,1,10,6,1,1,3687702
31,3592,5,2,3,11,0,3,1,10,1,3800954
32,4208,6,1,1,21,0,9,3,10,40,5179232
33,1905,1,3,3,39,3,8,7,8,40,2625138
34,2147,6,1,3,2,2,6,2,10,10,5152190
35,1604,2,1,3,20,1,9,3,1,27,2631639
36,4042,5,2,3,40,2,3,5,10,1,4539831
37,3377,4,2,1,40,0,4,1,9,48,3082925
38,4313,3,2,1,6,0,4,1,8,38,3220461
39,2291,3,3,2,13,1,2,2,2,11,3253459
40,4373,5,3,3,6,0,2,9,5,50,5190599
41,3191,1,5,1,22,0,4,4,2,31,2787510
42,1740,3,2,3,35,2,8,3,4,27,3363884
43,1821,5,1,2,31,3,10,1,3,21,4440816
44,2562,5,4,2,8,1,6,1,2,1,5783077
45,3731,3,2,1,20,1,1,5,2,41,3367725
46,3287,2,4,3,20,1,5,2,1,41,3434286
47,3600,6,3,3,26,2,5,9,1,34,6234678
48,3327,5,3,3,38,0,1,10,10,47,4322932
49,888,5,5,3,6,0,3,8,8,24,5283080
50,3643,5,2,1,39,0,9,1,9,26,4170406
51,3598,3,1,1,13,3,4,4,1,5,3918578
52,3645,2,2,2,2,1,6,5,1,27,3228122
53,4862,3,5,2,23,0,10,3,10,16,4829644
54,3356,5,5,1,24,0,7,3,6,13,5692844
55,3028,5,4,1,18,2,1,8,10,23,5275984
56,751,5,4,2,25,3,1,7,1,34,5333728
57,4222,4,2,2,24,3,5,2,8,18,4407678
58,1120,6,4,2,20,1,3,9,1,29,5918879
59,1648,5,3,3,3,3,9,6,3,29,6245286
60,3464,6,5,2,35,3,9,9,8,11,6936160
61,2898,6,5,1,12,0,8,9,5,19,7025106
62,1388,3,2,1,34,0,2,7,6,18,2379703
63,4912,5,2,3,38,0,2,6,5,45,4262037
64,2215,2,5,3,11,0,10,10,8,17,4666295
65,4375,5,1,1,26,0,8,6,10,37,4351481
66,1502,5,5,3,29,0,3,10,7,36,5193426
67,4952,2,2,3,22,3,3,6,2,14,3705509
68,4180,3,4,3,12,0,6,1,3,4,3916197
69,3908,1,2,1,13,0,10,7,1,34,3291412
70,2879,3,4,1,38,0,6,8,2,4,4137378
71,1331,2,2,3,0,3,5,9,9,1,3350243
72,1958,4,1,3,37,2,4,10,3,31,3935139
73,3675,2,2,1,14,2,5,3,1,48,2916866
74,4060,2,5,3,26,3,6,6,1,50,4362438
75,4901,5,3,2,31,1,5,10,5,49,5552877
76,3474,6,2,2,14,3,2,5,4,50,5662715
77,3919,4,3,2,31,2,2,6,3,6,4700276
78,2722,6,5,2,25,3,9,3,5,8,7061806
79,3992,1,1,2,16,1,10,5,4,46,2488130
80,3559,1,3,2,26,3,2,9,8,24,2861831
81,2887,2,1,1,16,3,10,8,6,14,3617812
82,4870,2,5,3,28,3,1,10,10,22,3918718
83,4942,2,3,2,13,3,10,5,10,10,4352414
84,812,2,5,1,9,1,4,10,3,26,4421912
85,4053,5,1,3,19,0,3,6,6,33,3762264
86,3493,1,1,1,36,3,7,1,7,42,2025081
87,3278,4,2,1,16,3,2,10,2,20,4809203
88,3831,6,4,3,2,2,1,2,4,33,5833554
89,932,3,2,2,28,2,8,5,8,18,3629928
90,2144,1,5,2,26,3,3,6,10,2,3322151
91,4928,2,4,1,16,2,10,6,5,18,4725126
92,2890,1,3,2,9,1,8,1,8,15,2868933
93,3297,5,1,2,8,1,5,5,8,47,4404618
94,3087,2,4,2,38,1,3,3,10,22,2786539
95,768,2,3,2,25,0,3,8,1,50,2498272
96,2764,2,4,2,24,0,2,1,8,34,2416639
97,637,6,2,2,19,3,3,5,6,14,4854414
98,4395,2,5,1,26,3,7,7,2,36,4911257
99,1004,5,2,1,12,1,3,10,6,27,4328361
100,1396,3,3,1,40,1,6,5,1,43,3718349
101,2039,5,2,1,9,2,10,6,5,1,5678913
102,2081,5,1,2,31,3,5,8,1,11,4867423
103,2649,1,3,3,17,1,2,6,8,29,2351397
104,4194,6,2,1,36,0,9,2,10,18,5178062
105,4997,1,2,3,37,1,10,10,10,18,2945497
106,2011,2,5,2,31,2,10,5,3,34,4601412
107,1800,1,5,3,20,3,2,10,3,40,3573233
108,3330,5,2,3,6,3,2,3,8,36,4535742
109,3354,2,4,3,37,3,1,3,5,11,3347148
110,800,2,4,2,30,1,10,2,6,43,3622518
111,3823,4,2,3,18,0,9,3,6,12,4610958
112,4006,3,5,2,15,1,7,3,1,14,5296682
113,4503,1,1,3,4,0,9,1,3,49,2414734
114,3304,3,4,1,31,1,7,3,3,21,4048091
115,4730,3,2,2,22,3,4,3,2,37,3977924
116,4847,2,1,1,19,3,4,1,8,37,2213886
117,2465,3,3,1,20,0,5,6,9,23,3720829
118,4572,4,3,1,4,1,7,3,7,25,4921629
119,1946,3,5,1,20,3,3,8,6,44,4529766
120,2597,1,5,1,39,3,9,3,8,16,3395726
121,2633,2,3,2,20,1,6,10,6,17,3786264
122,1615,5,3,2,32,1,2,8,2,19,4801039
123,3058,6,5,1,1,0,5,2,7,18,6167318
124,3406,3,2,2,27,3,3,3,9,26,3071051
125,3085,3,1,1,3,1,5,6,6,14,3555980
126,1802,5,4,1,17,2,4,10,7,31,5544451
127,2875,6,5,1,37,3,2,9,10,12,5887732
128,923,5,3,3,40,0,7,2,7,20,3927043
129,2523,3,1,1,7,3,5,7,6,48,3814096
130,3701,2,5,3,19,3,6,10,1,14,5137078
131,3956,1,1,1,5,3,4,7,7,16,2336716
132,1833,5,3,1,12,0,4,9,8,2,4889223
133,4970,4,2,1,7,1,1,1,4,44,3688603
134,1205,2,4,2,30,3,9,9,2,44,4179344
135,1318,2,3,3,22,0,6,4,6,3,2658146
136,4905,6,1,3,26,3,7,10,2,33,6317851
137,2201,3,5,3,19,1,8,5,1,3,5052768
138,3317,4,3,3,29,2,10,5,1,46,5318868
139,3250,5,3,3,19,1,2,3,4,28,4836020
140,4311,5,3,1,39,3,2,4,4,15,4985311
141,4060,3,2,2,32,3,6,9,8,26,4342182
142,4473,4,4,3,28,1,6,3,9,29,4830280
143,2899,6,1,1,20,3,2,5,6,10,5095135
144,979,1,5,3,4,3,8,4,7,7,4146008
145,3333,4,1,3,39,1,10,10,9,6,4084180
146,1677,1,3,2,0,0,7,4,7,40,2534531
147,1165,6,2,1,2,3,7,7,10,25,5855712
148,1799,5,5,2,36,1,2,5,6,5,4910896
149,4849,2,3,2,12,0,2,10,2,13,3639740
150,3985,2,3,2,19,1,4,9,4,43,3610132
151,4971,3,4,2,11,3,10,10,8,31,5830666
152,1442,5,1,1,12,2,5,3,5,40,3890279
153,1524,6,2,1,23,1,6,7,7,38,5426549
154,2604,1,3,2,32,0,6,8,10,26,2308417
155,3855,5,4,3,28,3,6,7,6,1,6253373
156,2120,5,3,1,25,3,10,3,10,15,5287608
157,1469,4,5,1,0,3,4,6,5,15,5600120
158,4388,4,2,1,35,2,2,5,5,18,3797189
159,4999,2,1,1,5,2,6,10,2,10,3996556
160,2186,1,4,3,39,3,10,7,10,13,3292116
161,3181,4,5,2,14,3,10,2,5,43,5681749
162,1858,3,5,1,40,1,4,9,1,16,4511864
163,3852,3,5,2,27,0,5,7,6,29,4679267
164,2682,5,1,2,37,2,6,7,8,49,4466240
165,1657,2,1,3,17,2,3,9,5,15,2569104
166,1549,1,1,1,13,2,10,8,4,4,2807455
167,2376,4,1,1,17,2,5,3,4,28,3601029
168,2485,4,5,2,34,1,6,7,8,48,5010916
169,4827,6,2,1,7,2,6,6,8,4,6209232
170,3317,2,4,2,10,0,1,6,8,28,3150223
171,4515,6,2,3,2,1,2,3,7,23,5126164
172,2126,6,1,3,39,0,10,9,9,1,5051032
173,1455,1,2,1,37,1,6,5,1,45,2277559
174,4723,4,1,3,21,3,2,8,10,16,3865538
175,2705,4,3,2,8,0,4,9,6,45,4462942
176,769,4,1,2,21,1,1,9,8,26,3267581
177,4858,5,5,3,1,0,4,1,10,39,5385972
178,3239,1,3,2,25,0,1,6,2,41,2054813
179,3223,2,2,2,29,2,8,2,4,33,3150494
180,3037,3,3,3,15,3,1,8,3,39,4217839
181,2527,1,1,2,29,2,10,7,2,43,2594011
182,1779,6,4,1,19,1,3,9,2,19,5788635
183,4526,4,3,3,16,0,6,2,10,49,3741969
184,3363,1,4,2,37,3,5,2,7,41,2874524
185,4119,3,4,2,17,0,4,3,8,47,3679632
186,2238,6,3,3,3,1,1,5,7,50,5176837
187,3759,4,4,1,17,0,8,5,5,8,5157023
188,2913,5,5,1,13,1,1,1,5,25,5115379
189,4153,4,2,3,29,0,10,6,3,11,4770972
190,2591,5,5,2,21,2,10,4,3,23,6574801
191,712,3,2,3,14,2,2,3,7,43,2816270
192,2220,6,4,2,25,0,8,7,4,9,5964648
193,1616,4,1,2,3,0,1,4,3,30,3249575
194,1533,5,1,2,9,1,6,10,10,40,4639873
195,1336,5,3,3,17,3,4,7,8,31,4847534
196,2606,5,2,2,34,1,5,1,8,33,3899585
197,3973,4,2,1,14,3,7,4,5,27,4892232
198,3129,5,4,2,37,2,3,5,9,5,4861594
199,2435,6,1,3,39,1,1,5,8,20,4046864
200,1752,4,5,2,17,2,9,8,2,43,6268592
201,3766,4,2,2,15,0,6,7,2,25,4660026
202,4460,2,4,1,12,2,5,5,2,9,4243293
203,2259,2,1,2,18,3,6,8,6,28,3383873
204,2218,3,3,2,11,0,5,3,9,43,3323643
205,1483,4,1,3,12,0,7,2,4,45,3305268
206,3221,3,2,3,34,3,8,2,8,4,3843269
207,4713,4,4,3,7,3,4,10,4,11,6048729
208,1515,1,3,1,15,0,5,10,9,11,2577111
209,4342,5,4,2,33,3,6,4,5,10,5780284
210,3657,6,1,3,38,2,4,1,2,34,4296403
211,2689,3,5,1,37,0,6,4,4,40,3910886
212,964,3,3,2,29,3,9,5,4,3,4374079
213,2326,3,3,3,16,3,3,10,3,37,4289588
214,789,1,4,3,0,3,3,4,5,34,2862394
215,4978,2,2,3,5,0,4,1,9,25,2443697
216,1647,1,2,2,18,0,1,2,10,5,982565
217,2360,5,4,3,23,1,1,9,6,23,5169101
218,2794,2,3,3,25,3,2,6,10,31,3125639
219,2953,2,1,3,36,0,7,7,10,38,1970166
220,4945,1,4,3,16,0,3,9,6,24,3172718
221,1963,1,2,3,14,1,4,2,7,49,1587743
222,3969,6,2,2,38,2,3,6,10,6,4929689
223,4380,6,4,3,36,0,6,4,4,25,5680517
224,4448,1,5,3,14,3,8,2,7,32,3893819
225,4224,1,4,2,16,2,9,1,9,28,3537444
226,1415,5,1,3,26,1,9,1,10,47,4031114
227,2373,3,1,1,31,2,6,3,10,46,2492807
228,1988,2,2,2,39,2,2,5,6,20,2030445
229,4605,4,5,1,12,2,1,1,3,15,4989041
230,1507,3,2,2,9,0,4,4,5,36,2811334
231,2789,2,2,1,30,1,8,4,8,15,2543145
232,1023,6,2,2,26,0,1,9,6,15,4570136
233,4595,4,1,3,19,2,1,2,6,16,3518986
234,2450,1,3,2,28,0,6,7,6,25,2254425
235,4715,3,4,1,10,1,3,10,9,29,4754911
236,2220,2,5,2,29,0,4,9,7,13,3813135
237,2669,4,5,3,23,1,4,9,2,25,5562177
238,2619,1,3,3,36,1,5,3,1,24,2464392
239,4001,5,4,1,25,1,6,5,1,21,5462425
240,4759,3,1,1,7,3,9,5,3,11,4737423
241,1626,3,1,1,12,2,3,5,5,11,3164549
242,2672,4,2,1,10,1,1,2,3,29,3455356
243,4219,2,2,1,37,2,5,10,5,37,3431234
244,1222,1,3,3,27,1,1,8,3,13,2402297
245,3706,3,5,1,30,2,7,4,1,50,4670477
246,2414,3,1,2,40,2,2,1,6,19,1939248
247,2668,1,3,1,31,2,4,3,8,27,2154042
248,3724,3,2,2,33,0,2,10,2,18,3377034
249,4697,4,1,2,12,0,7,8,7,45,3903551
250,4669,5,4,1,31,1,7,7,9,4,5699959
251,644,3,2,2,37,1,10,10,6,42,3557247
252,3647,6,4,2,38,2,9,9,2,37,6615696
253,1075,5,2,2,38,2,3,9,8,11,4439634
254,4345,1,1,1,10,1,7,2,10,22,2250222
255,1519,4,5,3,14,3,1,7,8,39,4845149
256,4979,6,4,2,32,0,2,10,9,45,5751460
257,3466,1,1,1,11,3,2,5,3,8,2412718
258,2680,3,2,1,10,1,9,7,9,42,3681523
259,2931,2,2,1,14,0,4,5,7,32,2443523
260,2922,2,5,1,31,2,8,3,1,23,4020921
261,1083,2,5,1,0,1,6,6,4,37,3950658
262,3688,1,5,2,23,1,4,3,3,43,2965526
263,3056,6,1,2,10,2,5,3,4,38,4983500
264,1965,4,5,3,37,1,5,1,1,1,4869850
265,1155,6,5,1,26,2,9,3,9,24,6307747
266,3156,6,5,2,6,3,7,6,9,14,6974902
267,2524,5,1,3,31,1,4,10,5,50,4037791
268,1476,4,3,1,32,1,7,3,4,38,3848834
269,2638,2,1,2,35,0,5,9,7,15,2129587
270,2254,6,3,3,32,0,3,6,5,35,4908771
271,2551,1,3,1,7,2,5,6,2,25,2851860
272,2246,2,4,1,29,2,5,7,1,47,3907395
273,4617,1,3,1,40,1,7,1,5,41,2082791
274,1494,4,3,1,20,3,7,10,7,31,5084914
275,3886,6,4,2,32,3,10,4,8,11,6518895
276,4227,2,4,3,40,1,7,1,3,35,3100616
277,1698,5,2,2,19,1,3,9,4,39,4872489
278,3129,6,1,3,26,1,8,8,7,41,5003301
279,2350,6,3,2,17,3,5,9,2,36,6404277
280,4968,1,5,2,29,0,6,9,7,10,3820982
281,1753,4,1,3,20,3,9,5,5,10,4627090
282,1674,2,4,1,39,2,1,6,10,4,2806445
283,1550,1,1,3,39,3,7,1,7,14,1356904
284,3077,4,5,2,23,2,2,4,6,28,4952059
285,2076,3,4,1,12,0,3,10,3,37,4116946
286,4141,5,2,1,37,2,9,9,6,7,5597973
287,852,2,5,1,34,1,2,7,1,22,3261839
288,2135,1,4,2,26,0,8,1,1,7,3067869
289,3070,4,4,2,29,0,1,2,2,40,3807378
290,3893,4,3,2,26,0,1,9,6,4,4195160
291,2447,1,2,1,17,0,3,2,3,10,1427894
292,3877,2,2,3,23,3,1,7,8,27,3069670
293,728,6,1,2,25,0,3,1,10,49,3359459
294,742,5,2,3,0,0,9,8,7,35,5316832
295,3865,6,5,1,26,2,5,8,9,6,6440526
296,3784,6,3,1,12,3,2,1,1,9,5482536
297,1710,5,3,2,22,3,7,7,1,28,5649881
298,2268,2,5,1,39,3,6,2,9,31,3317299
299,2706,3,2,2,21,1,6,2,2,45,3308593
300,3337,2,4,3,14,2,5,8,6,39,4185304
301,2876,5,2,3,28,0,9,2,6,18,4477211
302,1544,6,2,1,34,1,7,5,2,29,5435867
303,4705,1,4,1,30,1,3,4,1,14,3105802
304,3729,1,1,3,6,3,3,8,10,47,2231641
305,1218,3,1,3,24,1,8,8,2,42,3245325
306,4205,5,5,1,22,0,8,6,3,38,6035449
307,2072,2,3,2,4,3,5,1,10,9,3050353
308,4863,3,1,1,10,3,2,1,2,19,3184703
309,3047,5,4,3,32,2,6,9,7,31,5455340
310,4006,6,5,2,25,3,1,5,7,13,6379244
311,4290,5,3,3,8,3,9,1,10,35,5747989
312,3753,4,4,3,19,3,8,4,10,29,5287403
313,4495,5,2,1,36,1,6,5,8,20,4705228
314,2552,6,3,2,3,0,2,4,9,1,4809714
315,1447,6,4,1,17,2,4,2,2,4,6021134
316,2050,2,5,3,16,3,9,1,10,36,4300150
317,1496,1,5,2,37,1,6,5,3,40,2971179
318,2226,1,3,1,10,0,1,3,8,36,1659685
319,1870,5,1,2,4,1,8,8,4,46,5103901
320,3201,5,4,2,21,3,8,10,6,21,6688760
321,3437,5,3,3,32,3,7,9,1,42,5878005
322,3903,2,1,2,12,2,8,7,10,42,3088997
323,3111,4,5,1,8,1,7,10,7,12,5690180
324,2883,6,3,2,32,3,8,10,9,31,6175693
325,2171,3,5,3,31,3,5,1,7,7,4434458
326,1275,1,5,2,32,3,7,2,1,18,3726370
327,1733,3,3,3,17,1,2,5,4,21,3227183
328,2271,3,3,1,7,3,5,5,5,26,4377408
329,4003,1,1,2,33,1,2,3,7,12,1177987
330,2878,3,1,2,9,0,7,4,1,42,3423882
331,762,4,1,3,14,0,8,9,2,15,4020569
332,2531,6,3,1,29,0,7,9,7,14,5904422
333,1657,2,4,1,6,0,9,5,6,17,4101113
334,3383,6,4,1,18,0,10,2,1,45,6134566
335,1822,2,4,2,20,1,9,1,2,24,3783504
336,1238,1,5,2,31,3,2,1,1,37,2572947
337,3684,6,3,3,22,3,8,8,6,15,6369580
338,4438,2,1,3,13,2,7,1,9,18,2520508
339,1613,4,1,2,26,0,7,2,1,13,3617984
340,1889,3,1,1,12,0,7,8,2,19,3341930
341,4318,4,3,3,2,1,6,4,6,10,4801714
342,3433,3,3,1,32,3,2,1,9,32,3165803
343,3744,1,1,1,16,2,10,2,3,43,2870562
344,3545,2,4,1,11,2,5,8,3,5,4322034
345,4908,2,5,3,38,2,10,8,7,3,4843075
346,3850,5,1,2,36,3,5,9,9,37,4806013
347,3546,4,2,1,9,3,5,1,2,13,4616196
348,3948,3,5,3,4,0,10,8,1,38,5636794
349,3785,3,5,2,12,0,5,2,3,28,4155833
350,2755,3,2,1,32,0,3,3,7,25,2326444
351,3069,6,1,2,20,0,10,9,10,12,5622762
352,2708,1,4,2,18,0,4,9,9,45,2694111
353,3291,4,5,3,2,1,5,5,5,48,5624188
354,3410,4,1,3,11,0,10,7,7,7,4473129
355,2890,3,4,2,18,3,5,3,7,26,4090886
356,4157,1,5,3,30,0,2,8,7,35,2945132
357,2865,6,1,2,28,3,1,1,10,25,3850723
358,1825,5,5,1,15,3,4,4,5,30,5775310
359,4280,6,2,3,28,1,3,6,8,27,4985415
360,944,6,4,3,21,3,3,4,4,25,5836317
361,2535,1,2,1,40,2,4,7,3,38,1992832
362,2194,3,2,1,34,1,1,4,8,6,2693090
363,4710,3,5,1,3,0,9,6,8,41,5350509
364,4096,4,4,2,21,1,9,3,9,16,5068273
365,1054,2,2,3,19,0,7,6,6,48,2787311
366,2591,5,2,1,11,0,6,5,4,1,4677269
367,1090,2,2,1,4,3,1,8,8,8,2940696
368,2402,3,2,2,20,1,7,5,1,8,3638483
369,4481,2,2,1,26,3,3,2,4,38,2913749
370,3126,6,5,2,23,3,8,7,2,40,7019877
371,2145,6,2,3,11,2,10,6,10,47,5982962
372,2148,1,4,2,20,3,4,2,1,35,2785940
373,2231,6,4,2,22,0,8,8,7,32,6012235
374,2629,5,5,3,25,1,3,9,8,4,5860122
375,3918,2,1,3,27,0,8,10,4,23,2991403
376,4740,1,5,2,37,1,9,6,2,40,4058549
377,853,4,4,3,17,3,8,5,7,22,5354322
378,748,2,4,3,31,1,6,1,5,29,2651075
379,1621,3,2,2,34,0,7,5,4,11,3211523
380,1813,1,4,3,18,0,4,5,6,7,2388251
381,1144,6,4,1,23,1,9,3,5,40,6027330
382,1848,1,2,2,1,3,8,6,1,24,3408649
383,1431,4,5,1,14,2,1,6,3,13,5147714
384,3406,1,1,2,38,2,10,2,7,46,2115600
385,2917,5,4,1,6,0,2,2,2,33,4789122
386,788,5,4,1,26,3,5,6,9,2,5521879
387,2045,3,4,1,18,1,9,8,6,49,4519412
388,4893,3,3,3,29,2,5,10,2,3,4876559
389,3736,4,1,3,3,3,4,10,7,7,4804968
390,4559,6,4,1,2,0,10,10,7,39,7346440
391,2466,6,1,3,33,2,5,4,8,36,4342234
392,4062,4,1,1,36,0,5,4,9,8,3037860
393,4620,5,2,2,36,0,8,4,10,50,4579958
394,3465,2,1,3,1,0,2,10,1,9,2896332
395,3842,4,1,3,0,2,4,1,6,3,3591933
396,1213,1,1,1,30,2,4,4,8,4,1627038
397,693,1,2,2,20,0,9,6,3,2,2603854
398,4687,1,4,2,13,3,4,10,1,19,3979712
399,1267,4,3,2,18,2,4,6,5,11,4193565
400,1193,4,3,2,39,1,5,10,1,44,4376114
401,3668,5,4,2,38,0,9,10,1,30,5761353
402,925,5,1,3,11,1,8,5,6,24,4338513
403,2842,3,3,1,24,2,8,4,10,24,4065014
404,4151,1,2,2,15,0,8,8,7,34,2842455
405,4134,5,4,1,26,3,9,3,1,26,6536731
406,1536,4,4,1,13,2,2,5,6,23,4683648
407,2180,2,5,3,17,0,3,10,7,42,3420727
408,1511,2,5,3,5,3,5,9,5,20,4354838
409,4314,6,1,3,16,3,10,4,2,6,6411690
410,3071,2,4,1,24,3,5,10,4,16,4465469
411,1481,4,5,1,33,3,5,6,2,3,5509644
412,4065,5,2,2,2,0,4,8,9,47,4695469
413,1926,5,1,2,8,2,1,2,5,38,3494613
414,1787,4,2,3,14,2,2,5,6,38,3639200
415,3411,4,3,3,0,1,8,4,1,45,4960255
416,1783,1,1,1,3,1,9,10,3,19,2731016
417,1158,4,5,1,38,1,8,3,1,47,4745717
418,3949,5,1,1,1,2,7,3,10,1,4819737
419,999,5,3,3,2,3,2,3,6,37,4562868
420,2135,1,2,2,33,1,9,3,4,11,2192559
421,934,3,2,3,22,0,10,2,4,40,3585939
422,4262,2,1,1,14,0,7,9,4,47,2867221
423,2732,5,2,2,34,0,6,5,7,33,3945148
424,4914,5,2,3,24,3,2,8,5,41,5310908
425,1561,2,1,1,30,3,2,5,5,17,2150396
426,2802,2,1,2,32,2,6,8,4,38,2804249
427,2617,2,4,3,30,3,9,1,4,41,3690747
428,3197,3,4,3,11,0,10,1,4,39,4215421
429,1861,5,3,3,21,2,3,10,6,47,4824968
430,4000,1,2,3,40,0,3,3,10,44,1460513
431,1038,3,2,2,24,2,3,10,10,3,3430328
432,4818,5,3,1,34,2,10,2,6,46,5212946
433,4538,6,1,2,29,2,1,5,1,24,5103965
434,3041,6,2,3,13,1,2,5,5,36,5204318
435,3396,6,3,1,10,1,7,9,4,11,6331494
436,4327,1,1,2,19,3,8,3,3,40,2950805
437,676,3,4,2,5,1,8,1,9,15,4201805
438,3447,3,3,1,10,0,3,8,1,19,4198401
439,1869,1,4,1,31,3,4,2,10,18,2192901
440,1746,1,3,3,11,2,9,10,7,36,3628498
441,911,2,1,3,6,3,1,7,3,23,2434801
442,1372,4,3,2,33,2,4,6,6,36,4294710
443,2700,6,3,3,22,3,8,6,1,27,6256932
444,1902,5,4,3,26,3,1,2,1,19,5067868
445,1693,5,1,3,18,1,6,1,7,20,3762386
446,3531,6,4,3,8,3,8,8,5,21,7267403
447,4494,5,5,3,38,1,1,7,2,44,5673808
448,1268,4,4,3,37,0,2,9,6,32,4240311
449,651,4,1,3,3,1,10,7,8,33,4029871
450,2521,6,5,3,22,0,10,3,4,34,6254002
451,1729,4,5,2,38,2,8,4,10,46,4862253
452,3027,1,3,2,3,3,6,6,2,47,3412161
453,2613,3,4,2,39,2,10,9,4,22,4869399
454,3276,2,5,2,6,2,6,6,8,4,4248662
455,2096,1,2,3,12,3,2,7,2,13,2854862
456,3475,4,1,1,23,0,4,6,9,28,3385474
457,4263,2,1,1,33,0,8,3,7,25,2571817
458,3173,5,5,3,15,2,6,8,1,50,6348395
459,1432,2,1,1,38,0,9,1,10,34,1470280
460,820,5,4,2,11,0,10,8,9,3,5656406
461,1921,1,5,3,1,3,1,10,6,3,3982031
462,926,1,1,2,31,1,4,2,9,37,799367
463,3216,1,3,1,40,2,7,6,2,31,2683565
464,846,2,1,2,33,3,6,6,2,7,2577909
465,1271,3,3,1,27,3,8,1,8,49,3583331
466,4658,5,3,1,34,2,4,4,10,13,4590654
467,2940,5,5,3,19,1,3,1,2,30,5232463
468,2186,1,1,3,0,1,9,7,6,16,2951314
469,2502,2,3,1,33,2,9,8,8,15,3857094
470,2086,5,1,2,27,2,7,1,1,34,4301644
471,1331,4,4,1,40,2,10,1,5,26,4925967
472,3108,6,2,1,23,1,8,10,9,27,6016949
473,1351,4,3,1,20,1,7,6,7,39,4436242
474,1862,5,3,1,23,0,2,7,6,34,4634827
475,2474,4,4,2,25,0,6,10,2,19,5106599
476,2525,1,4,1,22,3,3,9,3,47,3181344
477,687,1,4,1,11,0,5,8,6,26,2732325
478,4137,4,2,2,21,1,4,4,8,36,3626849
479,2798,5,2,2,35,1,10,2,1,27,4971404
480,4892,5,2,1,32,2,4,1,2,1,4948399
481,1443,3,3,2,16,1,1,8,7,40,3289537
482,2465,6,2,2,27,2,8,4,8,7,5400893
483,3467,1,5,3,1,1,9,1,4,19,4137172
484,2380,4,1,2,9,1,2,1,2,24,3060547
485,1854,6,5,2,31,2,3,2,10,4,5563641
486,4798,3,3,3,8,2,6,1,4,18,4402348
487,2264,4,4,1,30,3,1,8,8,43,4500133
488,3365,2,4,2,15,3,7,1,3,13,3982805
489,1369,6,2,3,6,1,8,7,9,2,5748709
490,829,4,4,1,17,2,4,4,3,19,4632268
491,3685,1,5,3,33,1,1,10,9,16,2967986
492,2264,4,4,3,3,3,7,1,1,11,5548191
493,2590,4,3,1,7,3,4,6,6,43,4550671
494,4074,6,4,1,40,3,4,8,1,5,6625466
495,2588,6,5,2,11,2,3,3,5,29,6231440
496,1809,1,5,1,19,1,5,5,3,22,3492609
497,2311,1,3,2,32,3,7,6,10,13,2878231
498,2773,1,4,2,34,2,8,5,10,18,3267049
499,1899,3,5,2,3,3,9,3,4,12,5372701
500,4638,2,3,1,5,1,6,3,6,42,3464150
501,1450,6,2,1,0,1,10,9,9,18,6048728
502,4770,6,3,3,22,2,9,3,10,47,5950250
503,2929,5,3,1,29,3,6,4,9,22,4814664
504,3730,2,3,1,19,2,9,2,3,14,3978607
505,716,6,2,3,40,1,5,2,6,27,4149680
506,2798,5,1,2,21,0,9,1,4,33,4011010
507,3878,4,2,3,20,3,5,2,1,40,4227248
508,3232,1,4,3,26,0,3,2,1,47,2217635
509,608,3,5,1,6,1,8,10,5,28,5042139
510,1820,6,2,2,1,2,2,8,5,34,5638043
511,1650,1,5,2,39,3,8,2,7,48,2893848
512,4325,2,2,1,37,0,1,5,7,21,2195730
513,3725,6,3,1,13,1,3,7,6,11,5602276
514,3328,6,3,1,6,3,2,2,10,50,5068851
515,3800,4,2,2,13,0,2,5,5,26,3790787
516,1077,5,3,1,30,3,10,10,1,6,6457136
517,2395,4,3,3,2,1,9,2,2,21,4852208
518,4570,6,5,1,0,1,6,3,7,44,6731747
519,3426,2,3,2,36,0,7,3,10,42,2891564
520,2097,1,4,1,21,3,3,1,10,6,2297779
521,2431,6,2,2,26,0,1,8,7,1,4424789
522,4707,2,3,2,29,3,6,8,7,19,3703541
523,1093,1,5,1,1,1,1,7,7,25,3128495
524,3532,6,5,1,12,3,6,6,3,19,6894069
525,2463,2,5,2,20,2,9,5,4,4,4842180
526,659,6,2,2,21,3,6,10,5,26,5724623
527,3664,6,3,3,21,3,9,10,8,22,7006199
528,1438,3,2,1,14,0,1,6,10,43,2634179
529,1234,5,4,1,24,3,9,6,5,12,5815098
530,2903,6,1,2,10,0,6,1,9,4,4627659
531,2680,1,1,3,29,2,4,7,9,32,1497220
532,2277,6,2,1,2,3,3,8,6,23,5797551
533,3487,1,3,3,10,3,4,2,6,23,2849128
534,3077,2,1,1,12,1,10,8,3,50,3689937
535,3884,1,1,1,39,2,6,2,2,33,1761338
536,3121,1,2,1,14,0,2,4,1,42,1585501
537,1388,5,2,1,1,3,5,3,4,27,4732003
538,4488,1,3,1,23,2,1,6,7,43,2257997
539,636,6,3,3,36,3,5,1,5,13,4886043
540,1597,1,1,2,39,2,9,10,4,32,2477253
541,3595,3,1,2,37,1,2,7,7,13,2425286
542,3043,1,2,1,26,2,10,1,9,23,2528906
543,1055,5,3,3,23,0,10,9,9,47,4959967
544,3883,1,1,3,5,2,4,5,5,8,2118950
545,1261,3,3,3,29,0,6,2,8,45,2658138
546,2188,1,3,3,32,3,9,3,5,42,2890696
547,951,4,5,3,25,0,10,5,1,33,5554331
548,3962,1,5,2,2,2,4,7,10,14,3587771
549,3278,3,3,3,1,0,8,1,9,36,3728595
550,2178,5,5,3,1,2,3,3,2,4,6151357
551,3010,1,5,1,8,3,5,4,4,46,3574822
552,2734,3,4,1,31,1,8,6,7,46,4257579
553,3817,2,1,1,10,0,1,4,9,43,1898746
554,2238,4,3,1,23,0,1,2,4,9,3230592
555,3757,2,2,3,8,1,6,5,4,43,3208317
556,3543,1,4,1,17,3,8,5,6,45,3909829
557,2004,2,4,2,22,2,9,4,8,24,3835086
558,3804,4,1,3,34,0,8,7,3,2,4107046
559,2088,3,2,3,30,1,10,3,4,4,3995044
560,3218,5,3,3,16,2,7,5,4,23,5338917
561,2344,3,4,2,16,2,5,8,8,18,4312507
562,1898,6,2,3,26,3,3,8,10,48,5269234
563,2392,2,5,3,30,0,10,4,1,13,4540137
564,2905,1,3,1,29,2,1,3,1,24,1941271
565,3151,5,2,3,18,3,10,2,10,37,4980852
566,2680,3,4,3,18,1,6,9,5,26,4488422
567,4486,6,1,2,21,0,2,6,3,20,5010578
568,4762,4,5,1,17,1,4,5,6,24,4985800
569,1266,2,3,1,8,0,4,5,4,16,2864200
570,1327,5,1,1,15,2,1,6,8,4,4078075
571,3821,3,2,3,10,3,6,2,4,18,3797390
572,4870,3,4,2,38,1,7,8,8,2,4463126
573,2211,5,5,1,6,0,8,8,4,16,6188354
574,3503,1,4,2,29,2,6,8,10,13,3073617
575,1001,3,4,2,31,0,3,7,4,48,3285632
576,842,6,2,2,12,1,7,4,8,40,4898348
577,3995,3,1,2,20,2,5,5,3,30,3549700
578,1127,2,4,3,27,0,3,4,10,21,2507933
579,3922,1,1,2,28,3,9,3,7,7,2306457
580,4178,2,3,2,11,2,7,6,1,13,4249621
581,4598,4,2,2,6,0,7,6,6,22,4825780
582,2197,3,4,1,34,0,2,7,1,29,3823882
583,4855,2,1,1,28,0,7,8,5,36,3052818
584,3457,2,1,1,30,0,1,2,3,17,1333270
585,3657,2,2,2,25,2,4,5,3,5,2823826
586,1085,2,2,1,14,3,8,2,9,40,2800990
587,4819,1,4,1,34,0,7,2,3,8,2905948
588,3594,4,3,1,16,0,3,1,3,13,3888988
589,954,4,1,2,8,3,4,8,3,22,4089500
590,854,5,5,3,35,3,4,3,8,24,5380508
591,4222,5,2,1,22,2,1,6,7,15,4589483
592,756,2,5,3,0,1,9,4,5,41,4032994
593,3139,6,5,3,29,3,10,5,8,1,7023832
594,4676,5,3,1,14,0,7,8,7,44,5308124
595,758,2,2,1,35,2,3,5,3,33,2392992
596,1020,4,2,2,5,0,5,2,7,47,3716255
597,1374,2,3,2,22,0,8,1,2,1,2824577
598,1996,2,3,2,3,3,8,4,6,38,3784145
599,809,5,4,1,4,2,6,3,5,18,5642474
600,1635,1,3,3,14,2,4,9,9,46,2402780
601,1470,4,2,1,18,2,4,10,9,42,4222874
602,4205,6,4,2,28,2,4,4,6,28,5623819
603,3572,5,2,2,37,3,8,4,9,2,5042235
604,2595,6,1,2,35,1,2,5,3,49,4392476
605,4874,3,3,2,7,0,1,1,8,36,3249704
606,3226,6,2,1,20,1,3,2,2,48,4870954
607,1691,5,2,1,11,2,8,1,9,42,4693331
608,3833,5,2,1,8,1,4,2,2,3,4607384
609,2912,6,3,2,19,3,7,6,1,33,6182522
610,2432,4,2,1,24,3,6,9,1,11,5155683
611,4155,4,5,2,39,1,10,2,10,4,5106097
612,1832,5,1,1,13,2,4,3,8,37,4235038
613,2662,4,3,2,32,1,1,4,2,37,3715555
614,3974,6,1,3,3,0,6,6,8,11,5315261
615,2667,3,4,1,28,0,9,2,4,18,4209476
616,3731,5,5,3,3,2,6,1,3,21,5991253
617,3868,2,2,2,3,3,5,10,2,32,4260425
618,2723,5,4,2,6,0,9,1,4,16,5833354
619,4686,2,1,3,9,1,6,8,2,47,3515146
620,975,3,2,1,20,2,3,7,9,32,2834838
621,3161,5,1,2,33,2,6,1,10,4,3899221
622,3960,5,2,3,36,0,5,5,9,36,4279319
623,763,2,5,1,18,3,2,3,7,44,3125262
624,4253,4,3,1,10,3,4,4,9,1,4888454
625,1932,1,1,1,26,2,10,2,9,6,1950639
626,2443,3,2,3,4,3,5,7,10,42,3886432
627,4882,1,5,3,7,3,7,6,3,31,4339228
628,4656,4,4,1,16,1,2,3,3,47,4451677
629,1709,3,2,1,39,1,4,4,2,39,2703281
630,3790,3,5,3,38,2,2,6,10,12,4221386
631,1708,4,5,3,20,3,3,1,1,9,4871162
632,2129,3,5,3,5,2,6,6,8,28,4959273
633,1207,3,3,2,15,0,10,9,9,16,4431623
634,2193,4,3,1,13,3,7,1,5,45,4840128
635,1049,5,2,3,11,2,10,5,4,49,5295134
636,2639,4,4,2,24,1,2,6,10,19,3947987
637,4063,5,5,3,1,3,8,3,2,40,7018923
638,4101,4,5,2,39,3,6,9,8,9,5636353
639,4472,4,1,3,30,2,4,4,10,30,3362141
640,2933,1,2,3,1,1,6,6,10,6,2575109
641,3372,6,1,1,36,0,2,8,4,19,4337118
642,606,6,2,1,36,3,5,3,9,14,5002298
643,3402,3,2,2,27,3,2,3,8,43,2852697
644,3360,2,1,2,27,3,6,6,1,45,3059304
645,2477,6,4,2,9,3,3,7,3,44,6140636
646,2010,6,2,2,35,2,2,1,2,29,4404461
647,1159,4,5,2,9,2,4,6,1,29,5407357
648,1973,4,2,3,16,0,7,10,1,19,4643801
649,1616,6,4,3,4,1,1,4,7,41,5542864
650,1986,4,3,2,13,2,1,3,3,11,3897588
651,3034,2,3,3,39,0,9,1,6,4,2682318
652,3775,3,5,2,18,2,6,10,10,23,4860565
653,1659,2,1,3,28,2,7,4,2,35,2842075
654,4243,1,3,3,11,1,1,1,3,33,2133372
655,4340,5,4,2,4,3,9,5,10,33,6446834
656,2101,3,1,1,9,0,6,1,2,10,3107428
657,2099,1,5,2,19,0,8,9,1,1,4180613
658,4402,4,4,1,25,2,6,3,10,19,4959142
659,1990,3,5,2,40,1,5,8,8,20,3875167
660,871,6,3,2,7,2,10,4,5,36,6058277
661,3097,4,3,3,23,2,1,2,6,10,3829902
662,2377,4,1,1,37,0,7,7,7,41,3644403
663,2283,3,4,3,13,1,1,1,3,12,3223979
664,3239,2,5,2,27,0,7,9,3,15,4277971
665,4160,4,1,1,17,1,6,2,2,43,3621112
666,1228,6,3,3,3,3,3,10,4,12,6096600
667,1943,4,1,3,13,1,2,10,8,12,3307982
668,4754,5,5,1,25,0,3,10,1,35,5775898
669,1543,1,4,2,15,0,1,4,3,9,2032278
670,3286,1,2,3,22,3,1,6,6,46,1970844
671,4082,3,5,2,27,1,6,1,1,34,4482685
672,1818,4,2,3,24,1,3,10,2,17,4268425
673,4249,3,3,1,12,3,5,10,2,7,4929549
674,4093,5,1,1,14,3,1,5,7,4,4103295
675,3973,3,1,1,8,0,7,9,1,20,3900846
676,1268,2,4,3,26,3,9,10,5,1,4434112
677,2521,6,5,2,22,1,7,10,2,23,6971856
678,2081,5,4,1,34,0,8,9,9,26,5569389
679,4488,4,4,3,33,0,4,9,6,25,4421938
680,2939,2,1,1,27,3,4,10,10,19,2921844
681,2415,2,3,2,15,2,1,4,8,29,2698512
682,2974,2,3,2,23,1,6,3,6,49,3204188
683,4172,5,3,3,18,0,9,7,6,12,5647022
684,2718,1,1,3,13,3,8,4,6,41,2781521
685,3200,6,2,3,28,2,1,1,2,21,4667907
686,4797,3,3,1,10,2,10,8,6,10,4997245
687,2170,4,1,2,40,1,10,5,1,24,3859289
688,3416,4,5,2,25,3,6,2,9,18,5343521
689,3719,5,1,2,1,0,6,5,3,39,4672001
690,4847,4,3,3,9,3,8,10,6,15,5629343
691,3331,2,1,3,1,2,8,10,3,18,3953081
692,2876,5,3,2,2,0,4,6,5,1,4875903
693,4295,2,4,1,4,1,10,3,8,15,4126849
694,3999,6,5,3,39,3,4,1,8,21,6088155
695,1890,6,4,1,16,0,7,9,3,31,6025335
696,2161,4,3,3,22,2,6,8,8,33,4525463
697,1024,2,4,3,12,2,8,10,8,47,4291045
698,4263,1,5,1,12,2,3,10,6,36,4071056
699,1792,3,5,2,25,0,1,8,4,29,4168139
700,4988,3,5,3,35,2,10,4,10,18,5091354
701,3270,2,2,1,31,2,4,2,6,46,2238499
702,4196,2,3,1,34,0,5,4,7,47,2765933
703,786,2,3,2,1,1,5,7,5,14,3229021
704,4224,2,3,2,13,1,3,7,10,2,2927369
705,3019,6,4,3,12,2,2,4,8,12,5616875
706,4747,4,3,1,28,2,10,5,4,42,5105237
707,1340,4,4,2,28,2,8,3,10,50,4582947
708,1897,1,4,3,8,1,5,5,4,25,3174239
709,3607,6,2,3,16,2,3,4,10,20,5030492
710,2014,2,1,2,20,1,8,5,9,4,2692233
711,3275,6,2,1,12,0,7,5,7,50,5357798
712,1421,6,4,2,24,1,7,7,10,28,5790300
713,1599,5,3,3,2,3,1,8,9,8,5051121
714,2767,3,1,3,11,3,2,9,8,26,3456965
715,1440,1,4,1,12,0,3,5,4,11,2470524
716,2382,5,2,1,39,0,4,6,2,49,4217229
717,3838,2,4,1,23,3,7,6,7,35,4080793
718,2439,5,5,2,40,1,10,5,6,38,5609731
719,3832,2,3,3,25,2,9,3,4,5,3839661
720,3342,6,5,2,38,3,5,7,9,31,6588160
721,719,1,3,1,29,1,10,6,6,18,2656854
722,1973,2,2,3,34,2,3,4,8,34,2358624
723,3890,3,5,1,39,2,8,6,5,20,4913220
724,2232,1,2,1,22,2,9,8,5,5,3251097
725,4718,1,4,3,7,3,3,7,1,5,4159028
726,1307,5,1,3,19,3,6,3,6,48,4229003
727,1615,4,4,2,16,3,8,4,7,7,5357371
728,3270,1,3,3,18,0,10,2,9,30,2508567
729,4792,5,3,2,12,0,1,4,5,10,4789360
730,3458,1,4,3,37,1,3,3,1,13,2697590
731,2952,5,3,2,31,0,1,9,7,38,4113996
732,3090,3,2,3,4,3,2,4,6,45,3603647
733,2850,3,1,2,37,2,3,7,9,16,2790405
734,3345,2,3,3,5,2,7,8,8,46,3747113
735,4414,2,2,1,14,1,10,8,2,48,3937252
736,2814,2,1,2,38,3,9,9,9,46,2866434
737,3621,5,1,3,11,0,8,3,1,27,4644476
738,2429,4,5,1,29,0,8,9,6,17,5428259
739,4535,2,4,1,8,2,7,1,6,49,3660778
740,1025,5,3,1,32,0,1,6,6,3,4029092
741,2176,3,2,2,28,1,7,10,6,11,4004201
742,4936,1,3,2,18,3,10,9,2,1,4490325
743,2586,6,2,2,23,2,2,5,10,42,4778281
744,3969,1,1,3,6,3,1,4,2,49,2158605
745,3997,1,2,1,4,1,9,2,7,36,2712553
746,3327,6,5,1,21,1,2,1,6,9,5346143
747,2180,3,4,1,29,1,1,9,7,34,3876749
748,1238,5,2,3,21,2,10,1,8,35,4395087
749,2215,1,3,1,8,3,2,6,2,28,2649002
750,2302,2,1,2,1,1,3,1,8,44,1683113
751,1196,1,4,1,19,3,6,8,7,2,3499985
752,2270,5,3,3,37,1,1,5,9,30,3994156
753,1609,4,3,3,37,3,5,10,6,14,4986463
754,4998,1,4,3,39,2,5,3,3,11,3142589
755,2952,6,4,2,4,1,2,1,3,13,5618462
756,934,1,2,1,12,1,4,10,3,43,2309716
757,739,4,5,3,30,1,7,5,8,37,4889375
758,3632,5,4,2,11,3,5,5,10,38,5929192
759,3336,3,3,2,34,2,10,6,7,44,4079136
760,3322,4,3,1,40,0,7,7,7,27,4254484
761,1983,6,2,3,13,0,7,6,2,38,5316955
762,3914,6,5,3,25,3,3,3,5,20,6053509
763,3205,4,5,1,32,1,7,6,2,34,5299603
764,4399,2,5,3,31,0,4,8,5,37,3989037
765,1369,6,2,3,4,3,5,4,5,32,5258952
766,3230,5,2,3,4,0,9,3,2,13,5031517
767,2515,6,1,3,32,0,10,4,4,33,4987661
768,3829,4,2,2,16,2,3,1,8,3,3467110
769,4917,3,5,1,5,2,4,2,10,37,4556701
770,4723,5,2,2,17,3,10,10,10,3,5967088
771,2633,4,5,1,25,2,5,3,2,16,5087289
772,3683,4,4,2,15,0,7,1,1,43,4827706
773,2676,5,5,3,12,1,3,4,6,2,5723774
774,3155,2,1,3,22,3,8,4,4,32,3147550
775,2760,1,1,3,24,1,5,10,3,29,2207118
776,4485,2,5,2,28,3,8,6,4,21,4584518
777,2033,1,4,1,1,2,1,6,6,42,2945315
778,4380,1,5,1,10,1,7,9,1,11,4234049
779,768,5,3,1,24,2,8,10,7,47,5608563
780,3927,4,4,2,20,3,3,9,10,31,4814388
781,3990,6,5,2,5,3,7,3,6,10,7362049
782,4140,4,1,3,11,1,9,2,1,37,4144085
783,2041,3,1,3,28,1,9,6,6,7,3597581
784,1840,2,4,1,3,2,7,1,3,40,3577378
785,4249,3,2,1,20,0,9,1,10,2,3432839
786,3340,4,5,1,14,1,9,3,9,7,5171568
787,1136,6,2,3,24,2,4,4,6,50,4785109
788,4864,6,3,1,19,2,4,8,1,10,6667020
789,1810,5,2,3,14,0,2,5,7,12,3925700
790,3916,4,3,3,37,3,9,6,7,15,4928966
791,1852,4,5,3,4,1,9,4,6,31,5249035
792,2533,1,4,1,4,3,5,10,4,3,4248078
793,1679,1,5,1,18,1,5,6,7,9,3330121
794,682,3,5,3,23,3,2,3,5,44,3945622
795,2790,2,4,3,16,2,3,2,4,32,3396718
796,3935,2,5,1,11,0,7,7,1,24,4459172
797,3982,5,1,1,22,1,9,3,10,30,4436323
798,1220,5,1,1,4,0,6,5,9,12,3969070
799,4711,6,5,1,17,1,5,9,8,29,6969040
800,4158,6,5,1,31,2,3,9,6,32,6388309
801,4125,3,1,1,33,0,10,6,1,49,3698252
802,1518,5,1,3,2,0,8,3,2,42,4572734
803,1878,2,2,2,18,0,9,6,3,11,3223179
804,4659,2,5,2,36,1,2,7,1,9,3862598
805,807,6,2,3,22,1,8,8,8,4,5704054
806,1973,3,4,1,28,0,5,1,8,37,3146088
807,3724,6,5,3,33,0,2,1,8,22,5367076
808,3074,5,2,1,24,0,6,3,6,29,4041592
809,3501,2,4,3,20,0,10,8,7,23,4475794
810,772,2,3,1,19,1,5,4,7,1,2580554
811,3652,2,3,1,16,2,9,6,6,21,4280483
812,2447,4,4,3,36,2,8,3,10,14,4605328
813,3189,6,5,1,18,0,6,5,10,13,6106072
814,4304,3,4,1,33,1,3,5,6,22,3835961
815,4973,1,5,2,13,2,3,9,9,24,3555085
816,2703,3,5,2,32,2,1,6,6,30,4182369
817,4679,2,4,1,37,1,5,6,4,27,3349211
818,4892,3,1,2,35,1,8,1,4,30,3093546
819,4348,2,1,2,32,1,5,4,9,16,2459603
820,2548,5,4,2,23,2,5,10,10,50,5493883
821,1047,4,5,1,13,3,4,2,1,26,5233380
822,4269,6,3,1,29,0,6,2,8,33,4886733
823,3081,2,4,2,20,1,9,9,7,27,3950789
824,2455,6,2,2,7,1,6,9,7,26,5895120
825,4059,4,5,1,30,0,5,1,3,41,4923198
826,1637,1,1,3,33,3,5,3,6,35,1468227
827,1619,5,2,2,24,1,3,5,5,41,4021159
828,3649,3,4,2,36,3,6,6,6,32,4644080
829,3847,4,4,3,11,3,10,10,6,23,6601746
830,1978,3,1,2,28,2,3,7,5,27,2886161
831,3298,3,3,1,18,1,6,2,4,1,3716713
832,3945,6,5,2,36,3,6,9,9,37,6804932
833,3566,6,3,3,28,3,10,6,5,21,6426087
834,2555,1,5,1,15,1,5,2,9,7,3213239
835,1755,6,2,3,14,1,10,6,5,23,5850894
836,3277,3,4,3,8,1,4,2,5,21,4011203
837,4136,1,4,2,8,3,2,6,7,18,3199720
838,3755,6,5,1,38,0,4,9,4,14,6525151
839,4018,6,1,3,5,2,10,2,8,20,5818818
840,3364,1,2,2,7,0,9,8,1,45,2868047
841,4281,4,2,3,4,0,10,8,5,13,5438900
842,1350,3,2,1,17,0,5,4,7,44,3061022
843,4650,4,2,2,22,2,4,2,9,15,4049462
844,2764,6,5,3,10,0,10,9,5,26,7220126
845,2232,1,3,1,14,0,7,2,1,6,2769665
846,2362,3,2,1,35,2,9,9,7,2,4250417
847,4115,2,1,3,6,3,7,4,4,48,3449869
848,3695,2,2,3,35,2,7,5,1,32,3158041
849,4148,4,1,2,11,0,9,9,9,18,4428896
850,4045,1,3,1,34,2,9,1,5,46,2861459
851,4137,3,2,1,39,1,7,1,3,29,3138859
852,997,1,2,3,27,0,2,8,5,1,1862753
853,1942,6,5,1,38,2,5,1,3,9,5997716
854,2219,1,1,3,16,3,6,10,4,50,2561273
855,1104,2,5,1,36,1,10,1,3,7,3801757
856,959,1,3,3,14,3,1,10,2,20,2766879
857,1757,1,5,1,24,2,1,1,2,11,2655924
858,2486,2,2,1,38,2,3,1,5,12,2066399
859,4790,1,5,2,0,3,2,8,8,45,3605052
860,2781,4,1,2,35,3,7,4,4,40,4236651
861,1340,6,1,1,15,1,10,6,9,3,5317277
862,3065,2,2,3,34,2,9,5,10,33,2783907
863,4110,1,2,1,38,2,10,6,5,13,2873786
864,3888,5,3,3,35,2,3,7,10,39,4937671
865,2616,2,3,1,17,2,1,8,1,28,3077946
866,1705,6,5,3,22,0,10,9,10,17,6650265
867,4523,5,3,2,32,0,9,2,1,46,5267369
868,4493,6,1,2,30,3,5,4,10,24,5245557
869,3391,4,5,1,13,2,8,10,6,48,6045209
870,4867,6,4,3,7,2,8,9,6,3,7545802
871,812,5,5,3,18,2,4,3,1,19,5472302
872,4193,4,1,1,33,0,1,1,4,35,2892955
873,979,4,2,2,8,1,1,1,9,2,3121065
874,4118,6,5,1,15,2,3,6,9,41,6282990
875,4008,6,1,3,17,3,10,3,9,45,5484922
876,3228,4,3,2,4,3,4,4,9,43,4815652
877,1033,2,4,2,31,2,2,5,5,23,2882353
878,1458,2,5,1,0,0,4,9,1,32,4434070
879,4995,1,2,2,5,2,5,2,10,15,2675008
880,916,1,2,3,23,2,8,8,4,31,2498626
881,604,1,3,2,3,1,4,3,6,21,2435441
882,1239,4,4,1,28,3,1,2,5,35,4134960
883,995,4,4,1,15,2,10,10,5,33,5531711
884,3617,6,5,3,39,2,5,5,10,45,6156364
885,1656,6,4,1,25,2,4,6,5,49,5760272
886,3251,3,5,3,30,2,5,7,6,32,4925766
887,1821,4,4,2,39,0,7,1,1,2,4418251
888,1507,6,3,3,27,0,10,8,8,18,5871167
889,966,3,4,2,33,0,4,9,3,13,3862301
890,2713,3,3,2,21,2,5,4,9,30,3353426
891,4963,6,1,2,4,3,1,10,9,36,5502228
892,2434,6,1,2,7,0,2,5,10,39,4377986
893,2358,2,3,3,31,0,2,5,7,15,2233808
894,4064,5,3,2,16,3,3,7,2,19,5923643
895,1541,6,3,3,37,3,9,4,5,25,6013035
896,656,5,1,3,35,0,6,8,10,10,4030208
897,4613,1,4,3,16,3,6,10,4,20,4160897
898,1173,6,4,1,30,3,6,9,7,31,6076224
899,3147,5,3,1,23,3,3,9,6,8,5487029
900,3278,5,4,3,6,1,9,10,5,5,6552639
901,2049,5,1,2,16,2,2,6,4,6,3954814
902,2351,2,1,2,3,2,7,10,10,6,3528774
903,2060,5,1,3,19,1,5,5,6,18,4062762
904,1186,3,3,3,21,3,2,9,6,47,3699605
905,2487,2,4,1,40,0,5,1,3,50,2662362
906,3904,3,5,3,31,1,9,10,5,17,5149408
907,1176,1,4,3,9,3,9,2,4,45,3300225
908,3813,2,2,1,31,0,2,9,4,46,2808852
909,1862,6,1,1,29,3,1,7,1,40,4979491
910,2521,6,3,1,25,0,2,1,2,7,4850387
911,3699,5,4,2,11,3,2,1,9,7,5357732
912,1321,5,2,3,7,1,1,5,10,2,4035202
913,1076,4,3,3,14,2,3,2,7,34,3579569
914,3349,3,4,3,30,1,5,10,8,1,4514076
915,3729,1,5,1,16,2,1,2,4,8,2916911
916,4955,6,5,2,5,0,3,4,1,17,6203083
917,2578,4,1,1,5,3,2,7,4,7,4256101
918,2820,4,5,3,30,1,7,1,3,5,5153153
919,1777,2,5,1,35,0,8,6,3,28,4045614
920,4294,5,1,2,15,1,3,3,1,4,4258008
921,2938,2,2,2,31,1,3,5,7,25,2505848
922,2553,6,3,3,5,2,1,1,10,1,4793543
923,1761,2,1,3,10,2,4,1,9,19,2118801
924,1841,2,5,3,40,2,2,5,3,3,3214329
925,4585,4,3,1,3,0,4,10,8,35,4634898
926,1386,1,1,1,37,2,2,2,6,25,1056647
927,1883,5,2,2,12,1,6,8,8,32,4666606
928,1331,6,4,2,31,0,10,8,7,19,6032546
929,816,6,4,3,6,2,3,10,2,31,6431385
930,3543,3,4,2,30,3,6,4,2,40,4433574
931,2328,3,2,2,8,2,4,6,6,41,3288116
932,4180,1,4,2,25,2,5,2,8,4,3074260
933,961,6,5,3,20,3,4,9,1,9,6758610
934,650,1,4,1,11,1,10,3,6,16,3023783
935,670,6,1,2,24,3,4,2,5,13,4326181
936,2844,5,1,2,30,1,1,5,8,40,3483509
937,853,1,4,2,39,1,7,1,2,5,2265969
938,1243,1,1,3,40,3,7,1,8,21,1419364
939,4994,4,5,1,25,1,9,10,7,46,6277645
940,1481,1,2,3,33,2,9,4,10,47,2247936
941,3411,5,1,2,17,0,4,8,8,40,4022063
942,3705,5,3,2,14,0,8,2,2,11,5112073
943,1100,5,2,3,16,1,2,9,2,49,4567744
944,3854,6,5,2,36,1,6,9,1,44,6602509
945,4754,6,4,1,35,2,2,8,9,20,5723821
946,886,3,1,2,15,1,4,3,2,30,2710425
947,4309,6,3,1,31,1,1,9,7,8,5210174
948,4950,6,1,3,20,0,5,1,4,11,4586711
949,2100,6,4,1,12,2,10,4,1,26,6713102
950,2228,2,5,3,2,0,4,7,1,31,4193535
951,4947,5,3,2,18,0,10,6,3,9,6048061
952,1846,5,2,1,13,2,3,10,9,2,4779703
953,2824,2,4,2,39,1,3,10,4,3,3594189
954,3453,3,4,1,8,3,3,10,3,24,5156711
955,2852,4,5,3,15,0,9,3,7,32,5156494
956,3507,4,1,1,8,2,6,1,3,31,3790721
957,2098,5,4,3,37,0,1,8,10,4,4588390
958,625,3,2,3,5,1,9,7,1,33,4338523
959,3036,4,3,1,5,3,3,2,10,18,4021194
960,2687,3,1,1,3,3,8,2,8,46,3466845
961,869,1,3,3,5,2,8,10,9,19,3106891
962,4136,4,1,3,0,2,1,3,6,33,3651440
963,1413,2,2,2,21,2,5,10,10,29,2670422
964,1959,6,1,1,28,1,3,5,7,50,4151181
965,3585,1,5,3,13,0,7,2,3,41,3479240
966,1004,4,1,1,37,0,2,2,9,39,2245022
967,4190,6,2,2,2,3,10,6,3,32,6666446
968,4443,1,3,2,2,1,8,3,1,23,3333337
969,4295,4,2,2,0,1,3,3,7,27,3751453
970,718,2,2,1,8,0,6,3,1,21,2777281
971,1539,6,1,3,6,1,6,4,4,46,4989069
972,1892,5,3,3,19,2,2,3,10,17,4575883
973,3907,5,2,1,11,1,7,8,5,37,5048919
974,3433,2,5,2,20,1,2,4,4,36,3585864
975,2629,6,2,2,14,1,4,2,5,38,4729582
976,2290,5,3,2,25,1,5,5,6,39,4761049
977,2469,1,3,1,22,3,10,7,5,7,3830946
978,1012,6,1,2,26,3,9,7,9,24,5542880
979,2961,5,2,2,11,1,7,5,9,2,4624014
980,2812,6,3,2,1,3,6,6,9,47,6300434
981,3292,3,1,3,35,3,8,2,3,15,3563258
982,4421,2,5,3,26,0,2,5,5,17,3571613
983,4594,1,4,3,1,1,2,3,4,34,2723648
984,4608,6,2,1,24,2,2,10,3,49,5456454
985,4210,3,3,3,25,1,6,10,3,1,4420270
986,4291,1,1,3,32,1,1,5,3,5,1469980
987,3627,6,3,3,6,0,3,8,10,28,5584304
988,1816,1,2,2,28,0,8,1,2,24,2267519
989,3955,4,2,2,11,2,4,3,7,44,4106716
990,962,4,2,1,7,0,10,9,4,23,5020372
991,1638,5,3,2,12,2,1,6,5,30,4550794
992,4110,6,2,1,2,1,6,7,9,32,5739067
993,4201,5,5,2,16,0,3,5,6,23,5147969
994,4096,5,2,2,8,0,6,6,2,45,5077804
995,2723,4,4,2,30,2,5,8,1,23,5127394
996,1523,4,3,3,31,0,5,6,6,25,4129427
997,1594,5,3,3,40,1,8,3,4,47,4718193
998,722,6,1,1,39,1,10,2,7,30,4336369
999,745,6,2,2,31,2,4,10,2,18,5266498
1000,4377,3,5,3,4,3,2,5,4,13,4741693
1001,3796,2,2,1,24,3,4,6,4,45,3216467
1002,2188,5,2,2,30,0,4,2,8,50,3922484
1003,2762,1,5,1,5,3,4,5,8,49,3686014
1004,3222,2,5,1,40,0,7,5,1,33,3939747
1005,1225,6,2,3,17,3,4,4,2,30,5074838
1006,3640,2,5,1,13,2,8,9,3,31,4890098
1007,1266,6,1,1,21,0,2,3,4,42,4079665
1008,1040,2,1,1,28,3,5,5,1,27,2923278
1009,1573,1,4,1,12,3,4,5,3,4,3326017
1010,3307,6,3,1,35,3,1,3,6,43,4780778
1011,3062,1,4,1,1,0,3,8,6,34,2836520
1012,629,3,5,1,3,1,3,3,6,5,3809344
1013,4241,2,4,3,16,1,2,5,10,23,3282619
1014,1863,6,5,2,13,1,9,2,4,37,6540165
1015,982,3,2,3,38,1,1,7,4,6,2980676
1016,3341,3,1,3,4,0,10,3,7,22,3672061
1017,798,3,2,1,30,0,1,6,2,38,2434747
1018,1766,2,1,3,10,0,10,10,8,20,3184827
1019,3306,4,5,1,27,0,6,1,2,42,4569485
1020,3762,5,3,1,24,2,6,5,10,10,5088645
1021,4025,2,5,2,37,0,9,8,3,36,4561798
1022,2275,5,3,2,25,2,10,10,3,36,6313456
1023,3951,3,1,3,11,2,9,10,9,30,4439805
1024,2533,3,5,1,31,0,5,9,4,6,4583951
1025,4342,2,2,1,35,1,1,6,7,17,2567570
1026,2381,6,1,3,35,2,6,7,3,22,5029424
1027,1165,2,1,2,16,0,3,9,8,15,2251751
1028,2873,1,3,3,14,2,9,10,4,27,3525110
1029,4473,1,1,2,13,2,5,1,5,25,1923379
1030,2303,5,1,2,31,2,1,10,1,36,4199387
1031,2453,6,4,1,19,3,5,8,6,32,6701890
1032,1963,4,3,3,31,3,5,4,4,24,4537369
1033,1221,3,5,1,32,2,10,7,4,29,5003600
1034,3924,5,5,3,29,1,8,9,4,43,6436067
1035,4488,3,1,2,31,1,6,8,9,42,3059402
1036,4440,6,2,1,9,3,9,7,3,40,6595969
1037,4099,6,5,2,8,2,6,8,9,22,7182991
1038,1605,4,5,2,3,2,2,9,7,37,5092085
1039,4132,4,1,2,1,1,8,3,10,16,3827307
1040,2125,2,2,1,21,3,3,1,9,38,2420498
1041,734,5,4,3,8,3,2,9,1,50,5910115
1042,2758,6,2,1,39,2,6,8,10,15,5028885
1043,3476,3,5,1,17,2,9,7,2,31,5630381
1044,3029,1,5,1,6,3,2,6,8,41,3478007
1045,3477,6,2,1,28,1,9,4,4,49,5502107
1046,824,4,2,2,8,0,7,10,10,10,4175328
1047,2328,3,1,3,19,2,4,2,1,43,3274577
1048,4118,1,3,3,26,0,4,9,6,12,2713642
1049,4544,4,3,3,15,3,10,1,9,47,5139477
1050,4116,5,1,1,9,3,6,1,3,39,4979905
1051,4813,5,2,3,2,2,2,6,10,43,4584741
1052,3637,3,3,3,22,0,9,1,6,3,3807974
1053,3679,6,5,3,13,3,7,2,8,13,6956409
1054,1018,2,1,2,30,3,9,4,8,29,2556643
1055,3470,3,5,3,31,3,10,9,8,48,5484097
1056,2300,1,1,3,8,2,5,5,2,22,2218240
1057,2573,2,1,3,25,0,1,4,2,14,1545992
1058,3569,3,1,3,31,3,10,7,6,46,4191083
1059,3367,2,2,3,12,3,6,3,5,15,3510771
1060,2826,3,4,2,34,0,2,1,1,33,3196371
1061,1655,1,5,3,29,2,3,7,5,20,2944629
1062,4109,3,2,1,28,2,2,3,4,9,3180105
1063,1089,2,4,3,15,1,4,1,7,9,2876935
1064,4491,6,4,3,27,1,3,8,1,31,5997841
1065,1762,1,4,3,3,0,7,2,6,29,2716169
1066,3729,1,1,2,6,3,10,8,9,45,3247080
1067,1290,1,5,3,39,1,8,7,7,29,3195417
1068,2479,4,5,1,20,2,10,4,2,16,5977578
1069,2956,1,3,1,23,2,8,3,6,1,3050545
1070,4655,4,4,2,35,2,8,7,1,12,5886756
1071,2003,6,2,1,11,2,5,8,1,4,5723882
1072,2632,5,4,3,4,3,6,3,8,48,5686570
1073,4702,6,1,3,9,0,7,6,2,19,5373961
1074,3457,3,1,2,11,1,2,5,3,34,3079749
1075,4511,5,2,3,12,0,3,8,1,45,5204108
1076,979,2,1,1,26,1,8,10,9,12,2466354
1077,4343,6,3,3,31,0,9,6,2,47,6349512
1078,3556,2,1,3,21,2,9,5,7,44,2923213
1079,4770,6,3,2,4,0,2,6,5,22,5654689
1080,3141,3,5,2,24,1,10,1,10,19,4309935
1081,1584,3,2,1,14,3,8,7,5,18,4442576
1082,3773,2,1,1,31,0,4,1,3,11,1696320
1083,2711,5,4,1,26,3,5,7,8,20,5806842
1084,3186,6,2,2,8,1,4,7,10,34,5360195
1085,1128,4,2,1,5,3,8,6,5,17,5005159
1086,1072,2,3,1,28,2,2,6,2,34,2616990
1087,3209,4,3,2,35,1,6,10,3,9,4808426
1088,3765,6,4,3,12,1,7,3,2,5,6441697
1089,722,3,5,3,11,0,8,6,2,29,4849757
1090,1334,3,2,2,0,3,3,1,6,48,3107861
1091,4599,4,3,3,18,1,3,3,5,8,4222917
1092,4821,6,3,3,32,2,6,9,3,50,6477688
1093,3488,3,3,2,1,1,3,6,9,1,3842414
1094,1606,6,2,2,26,1,7,8,4,20,5291868
1095,3948,6,4,3,13,0,2,6,5,43,5868454
1096,3993,6,1,1,11,2,6,8,10,32,5399929
1097,3053,4,3,3,16,0,9,4,4,7,5036843
1098,2645,4,1,2,2,3,2,10,7,28,4446929
1099,4195,5,4,2,25,2,3,2,10,29,4958029
1100,2557,6,3,1,14,2,7,5,9,21,5924932
1101,4539,4,2,1,14,0,3,4,5,11,4138281
1102,1897,1,4,1,0,2,6,8,9,20,3503103
1103,3326,6,1,1,37,1,2,3,7,31,4033934
1104,2525,4,5,2,36,2,7,9,10,41,5341927
1105,727,4,3,2,37,2,7,9,5,7,4399862
1106,4113,2,1,1,35,0,9,1,4,18,2694507
1107,704,6,1,1,35,3,10,6,5,24,5451457
1108,1991,4,5,3,14,3,10,6,4,2,6126373
1109,4648,2,3,3,17,1,7,5,10,3,3613658
1110,1586,3,4,2,29,1,8,8,8,16,4488439
1111,4009,1,2,1,4,0,9,6,3,26,3008486
1112,1944,5,1,3,6,0,1,2,8,49,3511190
1113,4559,2,1,2,5,3,8,10,5,34,3794313
1114,1636,4,5,1,34,3,10,1,2,9,5668746
1115,1887,1,2,1,30,3,7,1,1,21,2152608
1116,4595,4,1,2,11,0,2,7,6,16,3691472
1117,3272,2,5,3,40,0,5,2,1,22,3495278
1118,643,1,5,2,17,1,7,9,9,40,3265040
1119,2222,6,4,1,6,0,5,6,5,48,6125057
1120,973,4,4,1,2,1,10,8,10,34,5256967
1121,2707,6,5,2,16,0,5,8,1,18,6723983
1122,889,3,5,3,35,3,2,6,7,13,3981457
1123,2057,3,3,2,3,1,2,8,3,50,4077786
1124,2898,3,5,3,23,2,1,3,1,50,4070995
1125,3341,5,5,2,18,1,10,1,6,32,5824052
1126,4606,4,4,1,22,3,3,7,10,19,4945871
1127,2547,1,5,3,10,0,6,7,7,34,3209874
1128,871,2,4,2,3,0,10,5,1,35,4121145
1129,2215,5,5,2,37,0,1,10,4,20,4980454
1130,1938,5,5,1,21,3,1,4,9,22,4885089
1131,734,4,1,3,8,3,3,1,3,17,3535743
1132,1757,4,5,1,33,1,5,9,5,25,5216612
1133,1792,6,3,3,15,3,3,6,4,49,5616252
1134,4490,3,4,2,10,3,10,1,1,41,5045565
1135,3360,6,1,2,0,3,5,8,6,13,5915238
1136,1270,4,4,3,29,1,4,10,1,13,5136972
1137,4369,3,4,2,17,0,10,7,4,39,4952807
1138,4340,5,1,3,16,0,8,4,9,21,4382046
1139,1668,6,1,1,39,2,1,6,8,24,3840140
1140,3568,5,1,3,26,0,8,9,7,19,4424475
1141,2854,3,2,2,37,2,10,8,2,48,4102405
1142,3775,1,3,1,5,3,10,8,1,30,4428730
1143,4271,3,4,2,5,1,8,7,7,30,4965809
1144,3950,5,5,3,17,2,8,5,10,46,6320030
1145,3096,1,3,2,21,2,4,2,10,38,1992813
1146,1276,4,1,1,18,3,7,5,9,16,3732862
1147,4519,3,4,3,31,0,7,5,7,42,4269703
1148,3961,3,2,1,33,1,3,4,8,29,2936446
1149,4137,4,4,2,13,1,5,3,5,36,4827600
1150,1215,1,4,3,29,1,4,10,3,39,3103557
1151,2292,1,5,1,5,1,10,3,7,6,4057015
1152,3078,5,3,1,29,2,6,8,6,37,5201181
1153,2137,5,1,2,10,2,10,5,4,13,5421695
1154,2743,1,2,3,33,2,9,4,3,16,2761225
1155,1764,1,4,3,8,3,9,9,8,28,3839169
1156,4399,6,3,1,3,3,1,7,1,10,6211398
1157,1847,6,2,2,3,2,5,7,1,10,5758843
1158,1070,1,2,3,17,2,9,1,8,45,2243795
1159,1829,5,5,1,36,0,10,10,9,29,5737288
1160,1092,1,4,1,11,2,8,5,1,24,3781682
1161,4228,6,1,1,18,0,2,5,7,35,4400227
1162,1880,2,2,3,9,2,5,3,2,39,2971390
1163,3484,2,2,2,15,2,3,6,8,48,2761445
1164,784,6,1,1,18,1,8,2,1,24,4867362
1165,1608,3,3,1,24,1,5,5,5,37,3301287
1166,661,1,2,1,23,0,4,6,8,35,1651097
1167,1826,5,3,3,35,0,3,3,10,11,3679295
1168,2002,4,4,1,25,1,4,8,6,1,4938218
1169,622,6,4,3,31,3,7,9,5,30,6499935
1170,3005,2,3,3,18,3,5,6,5,47,3880503
1171,4380,5,3,1,28,1,1,9,6,18,5012516
1172,3628,1,2,3,9,2,2,8,5,23,2850717
1173,4418,3,2,3,35,0,4,4,1,31,3387248
1174,4301,4,3,3,25,3,5,3,5,3,4713337
1175,649,1,5,1,13,3,5,2,3,21,3115391
1176,3136,4,3,1,1,1,5,5,4,2,4989319
1177,4710,2,2,1,31,1,7,10,10,17,3416653
1178,1777,2,5,1,33,3,1,5,9,43,3456560
1179,2368,1,3,1,21,0,6,3,3,26,2271387
1180,4070,5,4,1,8,0,5,3,7,12,5013779
1181,2139,4,1,3,37,0,5,8,5,14,3122830
1182,2808,2,1,2,3,3,4,4,3,46,2799618
1183,4507,1,5,1,23,0,2,9,4,16,3206785
1184,3425,2,4,1,40,0,1,2,9,2,2217939
1185,2544,5,3,2,7,0,1,2,4,38,4113034
1186,3666,4,5,2,40,2,6,5,3,31,5522046
1187,2965,6,4,1,6,1,3,6,10,46,5439586
1188,3528,3,2,3,32,1,1,5,5,30,3121258
1189,1858,1,1,1,11,2,8,3,3,50,2421354
1190,1442,1,2,2,5,3,9,8,8,41,3095251
1191,3078,6,1,1,18,2,5,6,2,33,5080646
1192,1151,1,3,1,20,1,9,7,2,49,3144776
1193,2225,1,1,3,6,1,9,2,4,41,2037706
1194,3349,4,4,3,33,0,4,5,6,16,4289955
1195,1534,4,5,1,38,2,8,8,2,2,5659233
1196,2798,4,4,3,5,1,3,7,5,49,4739660
1197,2070,1,2,2,12,0,3,4,6,21,1872910
1198,737,5,3,2,2,3,2,9,6,48,5172996
1199,1958,6,4,2,39,1,1,5,4,15,5199129
1200,1866,1,5,1,2,2,10,3,2,33,4069756
1201,3920,5,3,1,23,3,9,1,8,24,5415921
1202,2345,5,4,2,27,0,2,7,7,17,4932965
1203,942,2,1,1,18,3,5,5,9,29,2301972
1204,801,6,5,3,40,3,5,7,1,4,6207279
1205,4782,5,4,1,40,0,4,8,5,40,4959908
1206,2091,6,1,2,33,3,10,8,10,8,5761834
1207,3148,3,3,1,11,1,9,10,1,30,4927915
1208,2504,1,5,3,22,1,5,6,9,32,3048846
1209,2042,2,3,2,11,1,5,8,2,30,3735503
1210,3603,2,4,1,9,2,6,5,1,19,4558139
1211,1073,4,1,3,32,0,1,1,8,41,2379342
1212,1608,4,3,2,40,3,5,3,7,48,3712636
1213,4007,5,4,1,35,0,5,1,7,50,4854294
1214,2661,3,3,1,30,3,10,7,10,8,4639857
1215,1376,5,1,2,40,2,7,3,4,48,3768374
1216,4128,5,3,2,39,0,2,1,10,4,3971744
1217,2084,2,3,2,29,0,5,7,5,10,3177155
1218,3273,1,3,3,26,2,2,1,8,23,1914252
1219,3908,1,1,2,9,2,3,7,7,24,1889244
1220,991,4,3,1,32,3,8,9,7,27,4861051
1221,3167,5,4,3,21,2,10,8,8,49,5888210
1222,2966,1,2,3,4,2,3,1,6,44,2271660
1223,1636,5,1,2,17,2,10,8,7,2,5122891
1224,796,1,1,1,10,0,4,8,4,15,1736133
1225,1132,5,1,2,39,0,10,9,2,44,4338430
1226,4230,4,4,3,11,2,5,3,9,50,5031759
1227,1354,6,2,3,39,0,1,8,4,32,4631896
1228,3912,3,4,1,20,2,6,6,7,34,4399911
1229,3307,3,5,1,35,1,4,4,3,27,4196570
1230,1133,1,1,2,36,1,1,2,1,21,711899
1231,1367,2,4,1,36,3,10,7,6,3,4263867
1232,1289,6,1,2,6,3,4,4,8,23,4968899
1233,2850,6,3,3,14,1,7,10,8,47,5948556
1234,4730,1,5,3,0,2,1,7,6,5,3407872
1235,1022,5,1,2,10,3,2,8,4,45,4165355
1236,662,2,1,3,1,3,2,3,10,34,2242627
1237,2903,4,1,2,13,1,3,1,7,12,3075516
1238,2432,3,4,3,3,0,4,2,2,25,3715835
1239,3813,3,1,1,22,3,5,6,9,45,3265012
1240,2051,5,1,1,4,1,7,10,7,25,4675118
1241,1269,2,1,1,9,0,7,9,10,2,2658790
1242,4165,5,1,1,34,0,10,2,8,43,4371683
1243,2710,2,5,3,25,0,9,10,4,17,4544598
1244,2357,2,1,2,28,1,2,3,8,22,1495958
1245,4128,4,1,1,24,1,8,8,6,3,4115379
1246,1627,3,1,3,2,2,2,5,6,12,2788278
1247,3019,4,3,3,11,0,3,5,6,1,4399737
1248,1805,6,3,2,25,3,9,5,6,17,6035604
1249,3117,6,5,1,31,1,9,2,10,43,5944992
1250,4200,3,4,2,16,0,7,1,7,40,4001563
1251,3913,5,2,2,17,3,1,1,4,34,4239290
1252,3466,1,3,3,27,3,6,4,2,9,3000842
1253,3256,6,4,2,28,3,3,1,10,40,5149577
1254,4899,5,5,1,26,3,7,9,7,4,6673263
1255,4827,3,5,3,13,2,10,9,9,48,5654856
1256,2683,6,1,1,39,2,5,9,5,3,4844900
1257,2960,5,1,3,33,2,2,9,3,40,4295027
1258,4150,5,5,2,38,2,4,8,8,45,5719095
1259,2058,2,5,3,15,2,8,9,2,12,4888765
1260,1536,3,4,3,12,0,6,3,6,24,3572908
1261,2203,5,1,2,22,2,7,10,3,30,5177477
1262,4600,6,2,3,35,3,7,10,6,17,6244689
1263,2451,5,3,2,7,0,10,1,5,9,5328630
1264,4696,5,1,3,22,2,9,8,1,31,5447143
1265,846,2,3,3,11,1,8,2,9,43,2709174
1266,2547,3,4,3,20,1,2,2,2,15,3926882
1267,3972,6,5,1,26,0,8,9,9,40,6821664
1268,4419,2,2,1,27,0,1,9,10,45,2154638
1269,722,4,4,2,16,0,5,3,4,15,4227504
1270,1322,2,1,2,19,1,10,1,6,40,2421416
1271,4486,5,4,1,34,2,5,4,2,1,5442888
1272,2353,3,1,2,37,3,4,6,6,14,3291928
1273,4312,5,4,3,29,2,1,4,3,24,5366423
1274,1036,2,2,2,34,0,5,5,9,20,2021172
1275,1771,1,5,1,13,3,1,5,2,44,3411106
1276,2376,4,3,3,17,2,1,8,3,14,4711008
1277,4505,2,3,1,38,1,6,8,8,28,3164075
1278,1645,1,4,3,39,1,9,8,2,2,3242167
1279,4225,5,5,1,4,3,3,7,5,13,6191740
1280,4802,2,3,3,10,1,7,6,4,3,3946898
1281,1025,5,4,1,17,1,9,1,5,9,5597223
1282,3632,1,1,3,29,3,5,1,2,43,2247311
1283,4381,3,5,2,23,2,8,8,8,25,5538894
1284,2580,4,2,1,0,2,7,5,5,17,4594860
1285,4084,2,5,2,14,3,10,3,4,10,4893344
1286,4881,6,3,3,23,3,5,10,7,18,6289285
1287,741,5,3,3,26,0,8,7,8,26,4655778
1288,1380,6,2,3,15,1,10,9,6,13,5750841
1289,3934,6,3,2,10,3,8,2,3,3,6795276
1290,990,1,4,1,32,1,8,1,7,41,2630508
1291,1374,2,1,1,2,1,9,4,2,24,3099754
1292,4846,5,4,1,31,1,7,1,2,20,5369172
1293,3584,5,2,2,9,1,9,6,1,6,5914572
1294,4462,3,5,1,9,3,7,3,3,6,5194972
1295,1575,1,4,3,15,1,1,4,10,47,1874988
1296,845,2,5,3,11,1,5,3,3,43,3520249
1297,1070,6,3,2,23,2,3,9,1,15,5643818
1298,2104,1,4,3,38,0,3,2,1,32,2111339
1299,1158,6,2,2,32,0,3,9,9,10,4865496
1300,4083,5,5,2,12,0,7,6,9,48,5881940
1301,1710,4,4,3,28,0,4,6,3,10,4570660
1302,3493,3,4,3,11,0,8,7,3,44,4806584
1303,3428,2,4,2,27,2,7,10,2,37,4621830
1304,1254,3,1,1,11,3,1,4,5,48,2583205
1305,3021,3,3,3,23,2,7,2,3,13,4075006
1306,744,6,4,3,38,0,4,8,4,10,5549391
1307,1165,6,4,2,28,1,10,3,4,12,6043760
1308,4173,5,2,3,18,0,8,3,3,11,4912954
1309,872,6,4,1,26,3,5,4,3,39,5930454
1310,2820,3,1,1,24,1,1,10,2,34,2916043
1311,726,5,5,2,36,2,6,2,5,34,4920789
1312,1876,6,1,2,34,1,9,3,5,32,4864441
1313,1273,6,5,3,23,2,10,7,10,20,6493030
1314,4978,3,1,1,40,3,3,2,4,21,2753016
1315,1877,4,4,1,32,3,1,7,5,49,4183338
1316,949,6,3,2,22,0,7,6,6,2,5645287
1317,2599,4,2,3,35,2,10,3,4,47,4306002
1318,2832,1,5,2,2,0,1,8,6,32,2808360
1319,2124,3,1,3,21,3,4,9,10,32,3442150
1320,2428,2,2,1,16,1,3,6,1,4,2973711
1321,3991,2,3,2,14,3,1,4,5,36,3257912
1322,2503,1,1,2,21,2,6,5,10,12,1863711
1323,3580,3,3,3,16,0,7,1,10,6,3607406
1324,4084,1,1,2,24,1,5,3,6,50,1481673
1325,3512,5,5,1,4,3,8,1,4,17,6433883
1326,2921,5,1,2,14,3,5,7,5,47,4584967
1327,879,1,3,1,3,1,9,3,10,35,2491853
1328,913,5,1,1,3,0,8,3,6,16,4471928
1329,2760,4,4,3,23,0,6,2,4,35,4245125
1330,2819,6,1,1,12,2,1,6,6,4,5067330
1331,1948,4,3,1,35,1,8,4,3,8,4521167
1332,1572,1,5,3,23,0,7,2,3,24,3179284
1333,4174,2,2,1,2,1,4,9,7,16,3343487
1334,1789,3,2,2,9,1,7,7,2,33,3779563
1335,1473,6,4,3,40,1,6,1,9,21,5321421
1336,1855,3,5,3,0,1,6,8,3,38,4971004
1337,1711,1,2,2,12,1,5,7,3,37,2557627
1338,2777,4,3,2,33,1,9,10,3,15,5110672
1339,3512,2,5,2,27,2,2,3,9,36,3553487
1340,1885,4,2,3,16,2,4,4,4,33,4175146
1341,1888,5,5,1,18,2,6,3,6,34,5524282
1342,4056,3,2,1,4,1,6,4,3,43,3780931
1343,1503,5,5,2,11,1,9,6,4,27,6269481
1344,727,4,3,1,4,2,10,5,8,40,4903933
1345,2922,1,2,2,16,1,9,6,8,30,2959554
1346,1680,2,5,1,10,0,5,10,6,31,4264279
1347,4499,3,2,2,8,2,9,3,3,10,4338610
1348,3914,2,1,2,36,0,4,6,8,9,2012211
1349,4880,5,1,2,28,1,8,1,9,7,4130071
1350,2620,4,2,1,15,2,5,5,7,32,4260562
1351,2859,3,2,1,27,1,6,7,3,17,3943700
1352,3264,2,2,1,30,2,7,9,5,32,3326575
1353,2104,4,1,1,16,3,1,8,5,15,3940135
1354,4958,2,5,1,27,2,3,3,4,5,4147517
1355,1979,1,1,2,12,2,5,4,4,45,2184941
1356,4894,2,2,2,4,0,7,5,8,6,3002204
1357,4329,2,1,1,7,3,9,9,7,2,3975741
1358,4591,6,5,3,10,2,1,6,7,36,6390768
1359,4119,1,1,3,33,1,2,8,2,35,1605967
1360,3523,6,2,1,40,3,4,4,8,20,4748461
1361,4374,4,2,3,1,1,8,8,9,19,5206475
1362,4895,6,1,2,17,2,5,3,2,47,5226082
1363,825,2,4,3,4,0,1,3,1,24,2706958
1364,4045,6,2,1,40,0,1,3,8,22,3823160
1365,4169,1,5,1,31,0,3,4,3,3,2874508
1366,1217,2,2,1,27,2,7,1,9,46,2637005
1367,4288,4,3,1,11,0,10,1,10,37,4250892
1368,3279,5,3,1,9,1,2,8,5,44,5218852
1369,3087,3,3,1,14,1,6,10,4,2,4274037
1370,4409,4,1,2,8,1,3,6,8,1,3851021
1371,4661,2,2,1,35,3,6,10,8,37,3689905
1372,4572,1,4,3,18,1,5,5,7,16,3183391
1373,916,4,3,3,26,1,6,5,8,8,3965231
1374,2739,5,5,1,38,2,2,10,9,49,5575381
1375,1168,5,3,3,37,0,5,9,2,23,4560492
1376,3100,1,5,1,13,0,2,7,1,33,3074335
1377,1087,1,3,3,37,2,10,6,7,22,2669172
1378,4461,2,5,2,13,0,7,6,10,45,4193229
1379,1392,6,1,2,28,1,3,3,7,37,4004313
1380,4710,5,4,1,0,1,6,5,10,13,5963103
1381,1490,2,5,3,27,2,5,10,3,47,4401002
1382,4219,4,5,3,40,1,5,10,5,34,5180259
1383,1879,6,3,1,8,1,1,3,10,44,4850634
1384,3249,2,4,1,10,3,1,3,1,8,3967157
1385,1008,2,2,1,34,2,8,2,1,4,3187239
1386,4549,1,3,3,27,3,7,6,4,22,3651767
1387,1645,3,3,3,0,2,9,1,5,22,4010008
1388,4863,6,4,3,1,2,2,3,2,4,6048988
1389,4765,2,2,1,28,0,5,9,2,22,3111849
1390,650,2,1,2,5,0,6,6,9,25,2303713
1391,3471,3,1,2,31,0,4,10,2,48,3167501
1392,4920,2,1,2,27,0,1,2,4,43,1912338
1393,3156,1,3,3,4,1,8,8,3,8,3899386
1394,1152,3,4,2,14,3,10,2,9,36,4382222
1395,1072,6,5,1,7,2,6,6,1,9,6917704
1396,4410,1,4,2,18,0,10,10,10,31,3459737
1397,4846,1,1,2,23,3,10,5,5,37,3002251
1398,3298,3,2,2,8,3,8,4,4,26,4207994
1399,2961,2,5,1,30,0,10,9,8,6,4263091
1400,4237,4,5,1,39,2,7,7,9,20,5475768
1401,4328,1,5,1,10,3,9,9,9,40,4654321
1402,1513,2,1,2,39,0,10,2,7,20,2017215
1403,3688,3,2,3,9,3,5,2,1,29,4071493
1404,4158,4,1,2,7,3,5,8,6,6,4706286
1405,626,6,2,2,27,0,8,8,1,34,5202348
1406,4222,6,1,2,14,3,1,2,10,36,4517458
1407,4672,4,4,2,26,2,7,5,10,16,4829293
1408,1058,1,1,2,23,3,1,4,1,33,1800874
1409,1285,1,1,1,28,0,4,8,8,39,1361437
1410,3849,6,3,2,25,1,4,9,3,44,6072309
1411,1517,6,4,3,12,1,5,10,7,48,5939954
1412,1297,1,4,1,38,3,2,10,7,41,2644048
1413,3245,5,4,1,23,1,1,4,6,26,4604519
1414,972,6,2,2,10,0,2,3,4,39,4268731
1415,2009,2,4,3,30,0,1,10,3,11,3181293
1416,1116,2,4,1,1,3,2,1,7,25,2944376
1417,1726,5,5,1,16,0,9,6,3,27,6177834
1418,4391,1,4,1,16,2,7,5,6,19,3764973
1419,1293,3,4,1,37,0,9,9,10,19,3962305
1420,4540,3,4,2,2,1,10,1,4,36,4725999
1421,2452,2,1,1,40,1,5,2,2,4,2209547
1422,1884,1,3,2,28,3,10,3,8,40,3221719
1423,1687,1,5,1,40,1,3,5,9,9,2176158
1424,4984,5,5,2,35,2,1,5,1,9,5525190
1425,4591,5,3,2,9,0,5,4,5,41,5032716
1426,4228,2,4,2,34,1,5,2,8,36,3235311
1427,3592,2,4,1,27,1,8,1,3,6,3457315
1428,1489,1,1,2,5,0,1,5,9,49,859806
1429,2507,6,1,2,21,1,8,2,9,14,4502470
1430,2872,2,3,2,37,0,7,3,10,29,2538190
1431,4517,2,3,1,38,2,9,4,4,16,3595209
1432,3308,5,4,3,14,2,10,9,1,20,6628725
1433,2329,4,5,3,30,3,5,10,10,2,5306266
1434,3536,1,5,3,13,0,6,7,9,41,3058854
1435,2512,5,2,3,25,1,7,4,1,34,4658896
1436,1664,5,5,3,19,0,10,8,5,26,6074901
1437,3470,1,5,3,38,1,3,7,10,36,2977279
1438,3728,3,5,1,3,0,10,6,4,44,5097995
1439,636,6,3,2,23,2,7,6,9,25,5761460
1440,3923,4,2,2,15,2,5,10,5,27,4868321
1441,4661,5,3,3,23,0,9,3,10,50,4761742
1442,4246,5,4,2,27,1,6,8,2,19,6013201
1443,1885,3,2,3,12,2,10,1,5,22,3887547
1444,4471,3,4,2,28,2,7,4,2,48,4860218
1445,2954,4,5,2,29,2,9,5,9,16,5440243
1446,1173,3,3,3,13,3,2,8,8,48,3954609
1447,4417,1,1,2,16,2,9,2,7,42,2346457
1448,4210,5,4,3,1,3,5,3,3,38,5946576
1449,4838,1,3,2,14,1,2,1,6,14,2259543
1450,3126,2,1,2,12,3,1,3,3,33,2684340
1451,2737,2,5,1,22,1,1,7,8,33,3055158
1452,1289,5,4,3,19,1,9,1,2,14,5676957
1453,2299,4,5,1,11,1,7,9,1,28,6052189
1454,1130,4,3,1,14,3,9,4,10,37,4483905
1455,3090,2,2,3,34,1,8,8,4,29,3306522
1456,4385,4,1,3,34,0,9,4,4,48,4133748
1457,1187,3,5,3,6,1,10,5,4,41,4803938
1458,1475,1,2,2,23,1,5,3,9,14,1967616
1459,2737,5,5,2,5,1,2,5,7,47,5476437
1460,3911,4,5,1,21,0,8,10,8,7,5807711
1461,4339,1,2,3,25,1,6,8,4,40,2986303
1462,3557,5,2,1,2,3,7,1,5,46,5383327
1463,4429,6,2,1,2,2,9,2,3,2,6228005
1464,909,4,2,1,19,2,7,5,1,9,4199488
1465,3407,6,2,2,6,3,5,2,8,42,5219532
1466,2103,4,4,2,0,2,6,3,9,22,5030673
1467,2872,5,5,2,23,1,2,4,8,29,4915741
1468,3828,3,2,1,28,2,9,7,4,50,4031641
1469,4005,3,1,3,13,1,6,2,10,17,2743310
1470,704,6,2,2,15,1,7,4,5,7,5344896
1471,4474,1,1,1,17,2,10,5,7,11,2615712
1472,1509,6,3,1,0,0,8,7,6,43,6158038
1473,1475,3,3,2,34,2,8,10,8,4,4294618
1474,3221,1,2,3,6,0,7,7,4,38,2879390
1475,3008,3,4,3,24,3,4,8,5,38,4344580
1476,3205,3,3,3,27,3,9,7,7,18,4716905
1477,3598,3,3,3,7,1,1,7,6,2,3583178
1478,3248,4,4,3,13,0,2,9,7,38,4732729
1479,4110,6,5,1,23,0,4,1,1,36,5895597
1480,2278,2,5,1,39,3,1,3,4,43,3217357
1481,1941,2,3,2,39,3,5,4,5,36,3307913
1482,2661,4,2,1,32,0,6,5,7,49,3755030
1483,3105,2,5,3,1,2,7,5,7,40,4345985
1484,2981,5,5,1,19,3,5,6,9,9,5715781
1485,782,1,5,1,24,2,6,7,3,21,3511238
1486,3172,3,3,3,29,3,8,10,2,45,4728863
1487,4649,1,2,3,31,1,5,9,1,47,2919557
1488,4194,6,3,1,5,3,3,8,2,24,6582546
1489,780,2,5,3,37,2,1,1,5,22,2709081
1490,4851,5,2,2,19,1,9,9,5,28,5584295
1491,3772,5,3,2,11,3,7,1,8,15,5138910
1492,1910,4,1,1,0,0,1,4,2,44,3265170
1493,2842,4,4,3,27,2,7,5,4,47,4810521
1494,3360,5,3,1,17,2,8,5,9,19,5671982
1495,2810,3,2,2,11,0,8,2,1,2,3470064
1496,4778,5,3,2,13,3,4,5,2,44,5493625
1497,2625,6,3,3,9,3,3,6,10,14,5988345
1498,3156,5,1,1,17,0,7,6,4,10,4734066
1499,3072,4,3,3,10,0,10,4,3,26,4793162
1500,1261,3,4,2,34,3,9,4,3,6,4817983
1501,823,5,4,3,17,3,1,6,10,18,4751133
1502,4138,3,3,1,12,3,2,10,9,46,4374331
1503,1072,6,3,2,33,3,3,2,4,50,4793131
1504,2109,3,4,3,1,0,2,2,4,42,3270195
1505,2530,1,5,3,8,3,8,7,1,38,4640392
1506,3187,2,5,3,21,3,3,8,9,4,4276430
1507,4403,5,4,3,28,1,3,1,4,26,4910574
1508,4036,6,2,1,35,1,10,10,10,50,6093506
1509,4530,4,5,2,8,1,3,2,1,22,4947915
1510,1372,3,2,2,39,3,7,7,9,17,3307921
1511,4397,2,1,2,14,0,1,1,8,46,1477704
1512,3994,2,1,3,34,3,2,8,6,19,2879375
1513,4642,6,2,1,4,3,10,1,3,35,6250904
1514,2761,1,3,3,16,0,9,8,6,19,3134944
1515,3048,5,4,2,18,2,4,5,7,19,5374324
1516,1640,5,4,1,27,2,8,6,7,2,5740487
1517,1811,2,4,2,1,1,5,10,3,13,4277424
1518,1726,4,1,1,24,0,4,2,9,32,2468531
1519,626,6,1,1,2,2,7,9,10,27,5269326
1520,1808,1,4,2,13,1,8,8,4,50,3673742
1521,623,5,3,3,29,0,1,7,2,19,4508048
1522,3279,6,1,2,38,0,5,9,5,23,4945179
1523,4574,4,1,3,36,3,5,9,2,5,4631205
1524,2445,2,1,1,31,1,10,8,2,36,3052672
1525,3478,6,5,1,14,0,2,7,9,13,6068777
1526,2023,5,5,2,13,3,7,6,4,27,6454895
1527,2013,1,4,2,31,2,3,5,5,7,2850107
1528,4853,5,2,3,9,0,4,1,2,30,4595651
1529,1594,3,5,1,1,3,4,1,1,16,4714576
1530,4162,2,3,1,6,0,3,10,8,1,3552205
1531,4578,4,5,2,2,1,9,3,1,4,6235812
1532,4636,6,3,1,26,1,7,5,6,28,5721337
1533,3836,6,4,1,9,3,6,2,4,33,6749068
1534,3477,1,3,2,11,1,9,1,1,14,2930374
1535,3096,1,4,3,3,3,3,1,2,15,2936600
1536,3091,4,5,1,35,3,2,6,3,22,4997079
1537,4466,2,4,3,12,1,7,10,3,17,4576036
1538,2439,5,1,3,21,1,6,4,5,42,4079539
1539,2882,1,2,1,40,3,6,3,6,26,2312015
1540,4369,3,1,2,9,3,3,3,1,36,3812509
1541,812,6,1,1,29,3,1,5,3,44,4497477
1542,3409,1,4,2,18,2,2,3,9,37,2200087
1543,3528,6,1,2,37,3,7,1,10,34,4942130
1544,4253,5,1,1,14,2,7,6,1,33,5122525
1545,3616,6,1,2,23,3,7,8,5,28,5742690
1546,4052,5,4,2,2,3,8,10,6,45,6986535
1547,1943,6,3,3,14,0,6,2,7,31,5029206
1548,4840,5,3,2,7,1,3,3,10,34,5019288
1549,4320,2,4,3,38,2,9,9,6,25,4236396
1550,938,4,1,1,19,0,7,4,1,35,3514900
1551,2550,2,1,2,17,2,1,6,8,5,2199587
1552,1900,1,4,2,38,0,2,4,3,37,2257864
1553,1574,4,2,1,40,2,3,6,1,40,3997808
1554,2214,3,3,1,34,1,5,5,1,36,3948321
1555,3901,3,2,2,16,1,8,5,7,25,4101695
1556,2420,2,2,3,21,2,9,10,1,29,3905746
1557,4106,3,3,1,13,0,5,2,9,42,3398968
1558,3911,4,2,2,40,2,7,9,10,49,4237725
1559,3750,5,3,1,11,3,8,2,2,6,5851445
1560,2485,5,3,2,8,1,1,7,2,2,5274245
1561,2362,3,2,1,21,3,1,4,10,32,3078728
1562,1988,3,2,1,38,3,3,3,3,42,3186298
1563,2671,3,2,2,39,3,9,7,1,50,4464779
1564,2930,1,1,3,13,3,7,9,10,28,2885539
1565,895,3,5,3,0,2,1,2,2,38,4306221
1566,1200,2,2,2,27,1,2,10,6,39,2180714
1567,2029,4,5,1,35,1,10,7,1,7,5911875
1568,2873,6,4,3,24,3,8,5,6,13,6794762
1569,2239,6,3,1,30,2,4,9,3,32,6089104
1570,3603,5,1,3,40,3,7,8,1,43,5295978
1571,2672,6,4,3,23,3,7,6,6,23,6315809
1572,4948,5,5,2,9,3,6,10,10,36,6828981
1573,3649,6,5,1,4,1,10,8,9,46,7402123
1574,2856,1,2,2,23,0,7,10,2,30,2990802
1575,3973,2,2,3,16,0,1,9,2,25,2997535
1576,4019,5,2,3,25,2,6,4,7,16,4670335
1577,1153,5,4,2,37,1,4,4,7,30,4707925
1578,4849,5,2,3,31,1,3,10,7,30,4611203
1579,2261,6,3,1,2,0,4,9,4,28,6120174
1580,3597,3,3,2,10,2,2,10,6,30,3961976
1581,1752,1,3,1,12,1,10,2,10,38,2564757
1582,4331,3,3,1,11,0,4,9,4,11,4065615
1583,2042,5,4,1,5,2,5,8,4,16,6159732
1584,3396,6,3,1,10,2,9,10,7,26,6967642
1585,4745,5,1,2,34,1,3,9,7,31,4569258
1586,1764,5,3,3,13,2,10,9,5,43,6083190
1587,1793,6,1,3,23,0,3,6,9,6,4182337
1588,1266,5,4,3,0,0,6,4,7,33,4907005
1589,2358,2,3,2,38,2,4,5,5,17,2784183
1590,4389,2,1,2,4,1,3,9,4,5,3001465
1591,2174,2,1,2,34,2,5,7,4,49,2256638
1592,2391,4,1,1,1,3,9,8,3,14,4860979
1593,4416,1,1,1,9,1,2,7,7,22,1691570
1594,2015,4,2,3,36,2,3,8,5,47,3872486
1595,2318,2,2,2,11,3,4,6,2,1,3695348
1596,2701,2,1,2,2,2,2,1,4,23,2008156
1597,1461,2,1,2,24,2,5,9,5,15,2858122
1598,3099,3,5,2,11,1,2,3,9,28,3746516
1599,1529,6,3,3,32,3,6,5,8,12,5814592
1600,4712,2,5,2,22,3,5,2,5,35,3977950
1601,4377,4,2,1,17,0,6,8,9,40,4429183
1602,3973,5,3,3,13,2,6,10,10,48,5375090
1603,916,1,1,2,2,1,3,4,5,39,1572086
1604,3855,6,2,1,24,1,3,2,4,22,4705780
1605,1041,1,5,3,31,0,10,4,7,25,3346030
1606,1225,1,1,3,18,0,6,4,3,33,1399753
1607,1413,3,4,1,3,3,7,1,9,41,4133308
1608,2619,4,5,3,40,3,2,9,4,2,5156786
1609,3997,6,2,2,5,3,6,6,1,36,6552393
1610,3819,3,2,2,30,2,8,10,6,8,4427403
1611,1174,5,2,3,15,0,7,1,6,2,4088097
1612,624,5,5,1,23,1,4,3,5,9,5050789
1613,1200,3,1,3,3,1,2,10,7,49,3005029
1614,2631,4,1,1,8,2,5,10,3,30,4325912
1615,2845,2,1,1,28,1,8,9,10,26,2618338
1616,3999,3,4,1,31,1,3,4,8,5,3596421
1617,4375,2,1,1,13,3,7,6,6,44,3622383
1618,2697,6,5,3,15,0,2,3,2,31,5667250
1619,1077,3,5,3,11,0,3,4,8,9,3539346
1620,1093,6,1,1,19,2,3,9,6,13,4899989
1621,3281,1,1,3,13,0,8,4,5,40,2189333
1622,2156,2,2,2,6,2,2,7,1,38,3270455
1623,1561,1,5,3,14,3,2,6,5,37,3452287
1624,1472,6,4,1,21,0,2,1,1,14,5298234
1625,3940,5,3,1,13,1,1,2,2,38,4490184
1626,4282,2,1,3,21,3,2,9,3,31,2830941
1627,1054,2,5,1,17,1,7,4,1,8,3998331
1628,2694,3,2,3,20,3,10,10,7,22,4839661
1629,1310,3,5,2,23,0,5,8,2,22,4396043
1630,4900,2,4,3,25,2,3,10,7,14,3862742
1631,2349,1,2,1,24,0,8,4,1,11,2660528
1632,3608,4,5,3,29,1,5,2,8,50,4692929
1633,739,4,3,2,11,2,1,8,10,28,3909938
1634,1479,6,1,3,22,1,1,6,4,1,4623221
1635,1101,3,2,3,13,2,7,2,3,44,3271725
1636,3978,4,3,1,3,1,9,8,6,19,5188552
1637,3852,3,2,1,10,3,2,3,9,27,3629509
1638,1769,3,1,1,38,3,3,6,7,1,2812512
1639,4450,6,1,1,20,2,6,9,6,41,5647889
1640,4064,5,2,3,36,2,9,7,2,47,5369521
1641,2193,6,4,2,26,0,5,2,10,3,5374791
1642,775,5,1,2,40,1,9,5,9,29,3754755
1643,2699,3,5,3,8,0,7,5,7,8,4934787
1644,1515,1,5,2,0,0,8,10,6,50,3649526
1645,4470,3,1,1,11,0,9,7,1,36,3919286
1646,2583,2,3,2,13,0,2,9,6,16,2890917
1647,4129,6,1,3,13,2,10,2,8,46,5425642
1648,1894,4,4,2,22,1,9,8,7,37,5229344
1649,1877,1,1,3,33,2,3,2,6,18,1458472
1650,4605,4,4,2,14,1,8,10,9,16,5862558
1651,2537,4,4,2,38,2,3,9,9,25,4233292
1652,3581,5,5,1,9,3,7,3,10,27,6279403
1653,3858,3,4,2,29,2,1,9,4,44,4101159
1654,2953,6,5,1,21,2,4,7,8,2,6468130
1655,1318,1,4,1,19,2,1,7,2,2,2975928
1656,2792,6,5,1,16,0,4,4,6,42,5968312
1657,3555,5,2,1,6,2,1,8,1,36,5000604
1658,4706,6,1,3,26,3,7,1,6,23,5234376
1659,1514,1,3,2,27,2,7,7,5,48,2938016
1660,3613,2,1,2,20,1,8,4,7,43,2702859
1661,1592,5,4,1,17,1,8,7,1,38,5618471
1662,4492,5,4,2,36,0,6,9,5,20,5433832
1663,4796,4,1,1,26,2,9,2,3,30,4497675
1664,3186,6,1,3,7,3,8,9,3,15,6434295
1665,1471,4,2,2,27,0,6,7,2,26,3752244
1666,2165,2,5,2,17,2,9,6,1,42,4446690
1667,1934,4,2,1,30,1,5,3,6,41,3661351
1668,4018,1,5,2,32,0,4,4,4,29,2915283
1669,3767,2,2,3,15,1,10,10,5,31,4099211
1670,3824,5,2,3,37,3,10,9,2,48,5740480
1671,2965,2,3,2,36,0,10,5,2,38,3202299
1672,3671,5,5,3,12,3,1,6,6,26,5682844
1673,3885,6,2,1,30,1,5,3,7,14,5074361
1674,929,1,2,3,25,2,5,2,10,24,1822277
1675,4554,2,4,3,27,1,10,1,6,31,3720365
1676,3855,5,4,1,28,3,5,8,2,25,6193906
1677,3662,4,5,3,18,0,5,1,1,45,4839236
1678,3287,2,2,2,9,3,7,2,6,48,3518988
1679,2057,5,2,1,7,3,8,5,8,29,5574088
1680,2720,4,2,3,9,1,1,1,10,24,3012430
1681,4585,3,2,2,31,1,1,10,6,46,3239483
1682,4492,1,2,2,29,2,5,8,7,45,2500445
1683,3026,5,4,3,18,2,10,3,3,4,6343180
1684,4788,6,4,3,22,3,6,6,1,25,6638170
1685,1672,4,5,3,21,3,6,8,5,47,5408822
1686,4556,6,4,3,39,0,6,3,1,4,6100588
1687,3004,2,1,2,27,3,4,7,3,33,2878937
1688,1009,2,1,2,16,0,10,8,6,9,2729229
1689,3374,6,5,2,21,3,6,10,4,15,7348856
1690,2154,4,3,2,40,0,2,2,4,39,2970998
1691,2399,5,3,1,16,3,9,3,10,48,5593148
1692,4397,1,1,1,28,3,3,4,6,26,1677571
1693,1943,2,3,2,18,0,1,4,9,21,2270667
1694,1484,5,2,1,11,3,1,2,6,26,4342419
1695,2724,5,5,2,34,3,8,10,7,24,6584873
1696,1759,4,2,2,14,3,7,5,7,38,4356830
1697,1519,1,5,2,33,0,5,8,6,40,2588552
1698,2936,2,1,3,2,0,7,5,3,32,2899676
1699,1360,2,1,3,16,0,5,2,8,19,1986446
1700,4961,6,4,1,33,2,6,9,2,48,6742733
1701,3887,2,1,1,39,3,1,9,5,18,2545485
1702,1543,1,4,1,13,0,1,10,8,16,2264085
1703,4725,3,1,2,3,2,7,7,2,35,4122439
1704,976,3,1,1,33,1,8,9,4,6,3323612
1705,1290,1,2,2,19,2,10,4,8,34,2369855
1706,2769,2,3,3,38,0,10,4,5,38,2937574
1707,4140,3,3,3,22,1,2,8,7,26,3523366
1708,706,1,1,2,28,2,5,5,1,31,1920636
1709,2366,2,1,2,35,0,9,10,2,28,2760498
1710,661,2,3,1,38,0,6,9,2,13,3174663
1711,2603,4,3,1,23,3,7,1,8,20,4365868
1712,616,1,1,3,14,0,5,4,7,28,1467442
1713,1130,5,1,3,27,2,6,8,10,7,4514097
1714,3486,2,3,1,14,0,6,6,1,16,3600367
1715,1806,4,5,1,22,2,4,7,2,19,5170305
1716,2775,1,4,3,7,1,2,9,8,46,2819368
1717,1207,6,3,3,27,3,2,8,8,13,5480165
1718,3756,2,1,1,13,3,7,10,2,43,3918801
1719,1777,6,4,1,31,3,6,6,6,19,6014767
1720,4684,2,5,2,30,0,8,5,1,8,4220931
1721,4894,6,1,2,34,1,8,7,8,50,4977708
1722,2634,1,2,1,16,0,9,4,5,6,2574058
1723,3862,2,1,3,35,1,1,2,3,43,1734032
1724,804,1,1,3,20,0,6,2,4,5,1571548
1725,1911,5,1,2,16,3,5,1,6,37,4019841
1726,3364,3,4,1,21,0,3,7,9,48,3490316
1727,4786,6,1,2,17,0,8,9,7,5,5382565
1728,4737,3,3,2,22,2,10,7,6,8,5024363
1729,665,6,5,3,11,1,1,9,2,6,6293167
1730,1948,2,5,1,31,2,4,2,10,26,2973191
1731,4177,1,4,1,23,1,3,4,2,42,2534917
1732,2843,1,2,1,2,3,1,7,1,44,2730326
1733,2219,4,5,2,10,3,2,4,3,14,5479394
1734,2014,5,2,3,34,0,7,6,9,49,4332401
1735,4620,5,2,3,17,3,6,8,8,11,5347688
1736,3747,4,3,1,9,1,9,4,8,45,5026202
1737,3540,2,2,3,12,0,10,8,3,21,4002454
1738,1355,1,3,3,36,0,2,5,2,50,1822511
1739,3288,3,5,2,9,3,8,9,9,1,5726105
1740,1575,2,4,2,29,2,10,10,1,37,4720183
1741,3743,3,2,1,37,3,5,3,3,15,3584292
1742,2080,1,2,1,26,2,8,2,9,46,1968766
1743,1466,5,1,3,8,2,7,1,10,39,3914637
1744,4814,2,5,1,29,2,4,4,9,15,3556886
1745,4767,3,5,1,32,1,8,1,10,21,4284800
1746,2179,5,4,1,26,0,6,8,3,36,5581297
1747,3963,1,4,3,9,3,6,9,10,11,3910606
1748,1646,6,2,1,22,3,3,6,8,39,5051780
1749,3587,5,5,2,35,2,8,9,8,44,6371069
1750,4529,1,4,3,30,2,4,7,2,22,3291807
1751,2391,3,2,2,15,3,6,7,10,9,4061439
1752,821,5,1,3,19,1,1,1,5,22,3356766
1753,932,4,2,2,8,1,1,7,8,24,3365485
1754,2266,4,5,3,0,3,7,8,8,16,6020329
1755,2931,1,1,2,40,1,4,4,7,32,977247
1756,4601,5,5,1,37,3,7,2,5,22,6114172
1757,740,6,3,1,0,3,9,2,2,9,6350642
1758,2659,5,3,2,26,3,10,5,1,48,5727142
1759,3409,6,1,3,1,2,9,9,2,6,6504615
1760,1260,6,5,1,11,3,8,9,2,43,7369503
1761,978,4,5,3,17,1,3,10,2,1,5509304
1762,2545,3,5,3,22,0,4,1,9,8,3398968
1763,1399,2,1,3,29,3,1,9,3,32,2576414
1764,983,4,2,3,28,3,7,7,4,44,4460452
1765,3160,5,1,3,13,2,8,1,8,31,4339467
1766,2271,4,1,3,11,1,9,3,7,31,3836734
1767,3862,5,4,3,28,1,3,6,9,18,4904803
1768,4217,1,3,3,11,2,5,10,8,3,3621239
1769,2648,3,1,3,8,0,9,2,10,45,3203219
1770,1236,4,3,1,6,3,1,9,9,29,4119357
1771,3224,2,3,3,31,1,9,7,10,40,3585181
1772,728,4,2,2,39,2,9,2,6,18,3889523
1773,609,3,3,1,28,3,10,6,4,26,4615918
1774,1829,2,1,3,29,2,9,6,5,12,3243537
1775,1065,3,3,3,2,2,2,10,8,5,4162400
1776,3221,2,5,1,2,1,3,10,4,49,4370693
1777,4222,6,2,1,8,0,7,10,9,10,6154931
1778,2898,1,1,3,33,1,8,1,9,34,1320997
1779,4407,5,4,1,37,0,3,1,2,26,4953207
1780,3959,1,5,3,14,0,8,7,10,18,3549175
1781,4414,5,5,3,3,3,10,8,1,39,7298701
1782,1355,4,3,1,27,2,10,6,9,17,5057147
1783,637,1,2,2,17,3,7,3,2,5,2589566
1784,3282,5,2,3,26,2,10,5,2,20,5350535
1785,2513,2,1,1,0,3,2,8,9,7,2929836
1786,1226,6,5,1,12,1,3,1,5,15,5909653
1787,4551,6,1,3,11,0,8,6,7,22,5144953
1788,3955,5,5,2,5,2,10,5,4,4,7046927
1789,4061,1,4,1,13,1,9,4,4,44,3398555
1790,740,4,4,2,35,3,9,6,2,47,5425316
1791,3625,4,5,2,10,0,7,4,3,18,5152689
1792,4730,4,4,2,30,0,1,8,5,14,4488135
1793,1646,3,5,2,22,1,9,7,9,50,4451772
1794,3865,6,1,1,23,3,3,4,5,9,5253343
1795,3481,1,3,2,22,1,1,4,6,36,1886757
1796,4359,2,5,2,14,2,6,3,9,50,3980811
1797,3608,5,2,2,36,0,6,10,2,49,5132214
1798,1238,5,1,3,9,1,3,8,4,25,4526418
1799,1382,4,3,2,20,2,1,5,3,13,3798753
1800,1077,5,1,3,32,3,1,1,9,44,3123296
1801,4950,5,4,2,22,3,5,2,10,44,5511127
1802,4329,4,3,3,28,2,9,6,10,19,4745789
1803,4040,6,1,2,36,1,1,1,3,33,4194214
1804,4887,4,3,3,13,3,10,6,7,31,5781762
1805,4789,6,2,3,0,1,3,5,9,18,5108283
1806,733,3,3,3,21,1,8,4,4,11,4057137
1807,1593,6,4,1,2,1,5,6,6,37,5775986
1808,1838,5,4,2,32,3,10,8,5,43,6215604
1809,3383,3,4,3,18,0,2,10,7,22,3944529
1810,4845,2,4,2,36,3,6,6,1,9,4471786
1811,1974,6,1,1,28,0,9,1,6,2,4784659
1812,3456,5,1,2,3,3,5,8,10,12,5212878
1813,1144,4,2,2,28,0,10,4,1,14,4283778
1814,2478,4,2,3,40,3,7,2,6,40,3793214
1815,2882,1,2,1,15,3,3,6,8,38,2401520
1816,3289,4,4,2,23,3,2,6,9,42,4420692
1817,3805,5,3,1,10,1,9,9,2,31,6451165
1818,3285,6,3,2,15,2,8,4,3,32,6516351
1819,4242,6,2,1,18,1,5,1,9,34,4904341
1820,1610,6,2,2,20,2,10,8,7,16,5899364
1821,3726,6,2,2,18,2,2,9,4,46,5499578
1822,4282,6,2,1,18,3,3,6,3,25,5629851
1823,3906,1,1,2,26,0,8,1,6,11,1509116
1824,4384,4,5,1,16,2,1,9,5,8,5391686
1825,2867,3,1,1,14,1,5,7,2,9,3800271
1826,942,4,1,2,4,0,7,6,6,23,4002149
1827,1134,4,1,2,6,0,10,1,10,19,3248570
1828,2488,2,2,1,28,2,3,2,3,21,2561600
1829,4046,6,5,1,39,3,10,9,8,5,7261013
1830,3124,5,1,1,22,1,7,5,10,29,4037605
1831,2824,3,1,1,35,0,7,1,5,45,2799806
1832,3071,5,2,1,40,0,1,4,5,3,3404538
1833,3015,6,4,3,19,1,4,2,7,43,5248715
1834,4446,4,4,3,33,1,8,9,3,13,5451355
1835,1100,6,2,3,35,1,8,7,3,40,5506785
1836,806,2,1,2,20,0,6,9,1,36,2372296
1837,730,4,3,2,14,0,7,6,6,20,4077677
1838,3048,2,3,1,30,1,7,5,9,27,3332226
1839,4746,3,4,3,10,2,1,3,5,23,4275298
1840,3460,5,3,1,28,0,5,3,1,9,4782612
1841,4921,4,3,2,12,0,3,3,2,33,4228747
1842,4022,6,2,3,38,2,2,4,8,26,4723355
1843,822,1,1,3,16,0,6,7,5,33,1874842
1844,4359,3,2,1,32,2,9,10,6,25,4496261
1845,1620,5,4,1,21,3,8,4,6,18,5776925
1846,797,4,3,1,27,0,1,1,3,11,3314140
1847,1518,6,1,2,24,1,2,10,10,36,4148800
1848,1726,3,2,1,31,3,9,1,2,2,4019801
1849,3536,5,4,1,12,2,2,4,4,15,5104660
1850,3228,5,1,3,30,2,3,7,5,7,4346297
1851,2525,5,2,2,40,0,8,3,5,42,4358478
1852,900,4,3,1,5,0,7,6,5,6,4627335
1853,3166,1,1,2,28,0,5,8,9,10,1759206
1854,2941,5,4,3,24,3,7,10,9,24,6025925
1855,4863,6,4,3,32,0,10,2,5,24,6266695
1856,3850,5,2,2,6,0,6,1,3,42,4539164
1857,3020,1,1,3,14,3,7,9,7,43,2640894
1858,968,5,1,2,37,2,6,10,8,1,4422685
1859,2060,4,1,1,10,3,6,3,1,39,4131116
1860,1401,5,1,2,32,0,9,4,9,3,3806466
1861,3628,2,2,2,29,0,2,2,10,26,1831143
1862,2261,2,2,3,17,0,5,9,8,5,2998555
1863,2317,3,3,1,16,0,5,9,10,1,3474454
1864,4715,5,1,3,12,0,3,5,5,29,4115210
1865,1227,5,5,2,3,2,6,8,6,20,6087266
1866,3279,5,1,3,6,3,2,1,6,28,4153003
1867,2011,4,1,2,22,3,9,2,4,13,4010408
1868,1997,1,5,3,13,2,2,5,9,13,2820274
1869,1639,4,1,3,25,3,2,3,10,7,3227523
1870,4767,6,3,3,32,0,4,7,6,45,5688521
1871,967,5,2,1,27,0,4,4,2,28,3822376
1872,1995,4,2,3,32,0,3,6,1,9,3422357
1873,4550,4,4,1,38,1,7,6,7,23,5075518
1874,4933,3,5,2,14,3,9,2,3,4,5619983
1875,3205,1,2,1,39,1,9,7,3,27,2767850
1876,1006,2,1,3,35,0,10,3,7,39,2139757
1877,2339,4,5,3,30,0,5,10,10,1,5034000
1878,3861,4,1,2,0,2,5,9,7,13,4808306
1879,4006,6,1,3,8,2,5,9,6,25,5361542
1880,1359,1,3,3,2,0,10,3,1,11,3012136
1881,4727,6,4,1,2,1,5,7,8,21,6313568
1882,3460,1,3,1,5,2,9,4,8,17,3379025
1883,2807,2,3,1,3,3,4,1,9,25,3081363
1884,2010,1,5,3,9,1,5,9,1,42,3587494
1885,1680,5,3,1,12,2,7,1,9,7,4707746
1886,4254,4,4,1,21,0,9,5,9,47,5174609
1887,1818,6,3,3,34,0,3,2,5,16,4521798
1888,680,6,1,3,11,0,1,7,4,3,4096346
1889,1614,1,3,2,9,0,7,2,5,41,2378287
1890,1687,5,5,1,17,1,5,7,10,37,5553804
1891,1109,1,2,1,1,0,9,5,6,45,2584789
1892,3419,1,5,3,23,2,8,6,9,35,3803895
1893,3808,3,2,3,23,0,6,9,2,31,3980063
1894,879,3,3,2,32,0,6,10,4,35,3960227
1895,803,5,5,2,21,2,7,8,3,16,6034474
1896,1091,2,3,2,17,3,6,8,8,40,3582249
1897,2744,4,3,1,30,0,5,9,10,6,3907149
1898,3347,5,1,1,13,3,8,6,2,39,5225242
1899,2647,2,1,1,32,0,7,7,5,19,2214940
1900,1637,1,1,2,18,0,8,8,7,1,2416949
1901,1906,3,5,1,24,3,4,6,9,39,4395136
1902,3434,1,2,2,20,2,3,10,10,21,2263318
1903,2282,2,3,1,12,2,8,9,3,46,3888859
1904,2509,6,2,3,2,2,9,9,4,46,6623829
1905,1718,1,2,2,24,1,8,6,3,6,2322852
1906,4426,5,3,2,15,3,9,10,2,24,6469996
1907,1300,6,3,2,23,2,9,6,5,24,6166851
1908,4450,6,3,3,6,1,5,1,4,46,5639311
1909,4913,2,4,3,34,0,1,6,8,42,2650035
1910,2412,6,1,1,38,0,2,5,9,42,3711735
1911,3796,6,3,1,11,3,3,5,1,33,6168188
1912,1964,1,5,1,15,1,2,5,1,32,3145784
1913,722,2,3,2,34,0,4,1,9,50,1823562
1914,4516,3,4,3,25,2,2,7,4,27,4096060
1915,1857,5,5,1,32,1,5,2,4,7,5456448
1916,3329,1,3,3,0,0,10,5,2,25,3407113
1917,1991,5,1,3,8,0,2,5,9,37,3471384
1918,3365,2,3,3,18,0,7,6,7,24,3330593
1919,4377,1,2,2,2,0,7,8,8,50,2925411
1920,1013,1,2,2,8,2,8,2,1,37,2903538
1921,2651,2,4,1,4,0,7,10,4,44,4360652
1922,3771,4,5,1,2,1,10,7,2,32,6465401
1923,3249,3,4,1,17,3,1,7,4,8,4517355
1924,898,5,1,3,31,3,9,8,8,11,5088696
1925,2947,4,1,1,21,1,10,5,8,10,4115553
1926,1103,2,4,3,1,2,2,4,2,36,3609789
1927,1408,1,2,2,7,1,1,6,8,39,1714443
1928,2513,6,4,3,22,0,4,4,10,2,5545399
1929,3321,1,2,3,9,3,5,7,8,20,2564949
1930,4258,3,3,2,4,1,9,8,3,12,5010889
1931,608,1,5,2,14,0,6,6,8,6,2831935
1932,940,2,3,1,35,2,6,9,1,34,3517657
1933,4196,6,3,2,19,0,10,9,1,10,6503130
1934,3413,6,4,2,6,1,5,3,5,24,6079997
1935,4345,4,5,2,18,0,8,1,8,19,5142493
1936,1615,5,2,1,35,0,8,10,8,50,4324330
1937,3681,5,5,1,11,3,5,10,2,36,6719277
1938,2644,6,1,3,6,2,8,10,5,24,6191541
1939,4762,2,1,2,32,3,5,10,1,3,3704299
1940,2490,4,3,2,1,3,4,10,9,26,4880458
1941,3258,2,5,1,39,2,8,3,9,37,3800485
1942,1985,3,5,3,20,0,5,10,6,3,4653377
1943,2249,3,4,3,39,2,10,8,4,38,4621787
1944,3365,3,4,3,17,2,8,8,8,18,5180089
1945,2446,5,1,2,9,3,5,7,2,8,4844528
1946,3077,4,3,2,31,1,7,2,2,35,4527136
1947,3326,5,2,3,19,2,9,9,10,41,5163063
1948,1242,2,3,2,27,3,3,2,3,39,2517676
1949,4248,3,1,1,25,1,4,4,2,1,3449732
1950,3493,2,3,2,11,3,1,6,5,33,3470656
1951,4642,4,1,2,30,0,2,2,7,21,3186913
1952,2977,1,3,2,10,0,3,3,7,26,2307227
1953,1281,2,3,2,27,3,2,6,2,23,3056297
1954,2913,6,2,1,6,3,4,5,9,44,5508491
1955,1429,3,4,2,39,1,9,4,8,19,3861129
1956,2968,6,5,2,35,3,8,5,2,24,7181000
1957,4576,2,4,1,17,2,2,4,9,45,3181692
1958,2263,6,4,2,22,1,9,9,8,23,6470708
1959,2362,2,4,1,15,0,6,1,5,37,3389956
1960,1352,5,5,2,32,2,7,2,3,20,5645558
1961,1190,1,2,1,36,0,9,6,2,29,2568672
1962,4718,4,1,3,20,3,7,9,10,16,4608788
1963,2578,1,5,1,2,0,1,5,10,21,2630473
1964,817,4,1,1,36,1,6,7,9,32,3327331
1965,2785,6,2,1,33,3,8,3,2,25,5662889
1966,633,4,3,2,7,2,6,8,5,4,4974735
1967,3360,5,2,2,34,1,4,1,9,30,3635032
1968,3831,2,1,3,26,0,2,4,6,3,2072939
1969,1992,5,4,3,18,2,9,2,4,10,5900176
1970,3163,5,5,3,36,1,4,8,10,39,5539705
1971,2612,2,2,2,10,1,2,5,3,1,2964398
1972,2810,6,2,1,9,2,9,1,4,25,5577417
1973,1840,4,3,3,16,1,8,7,4,45,4572254
1974,1381,6,5,2,5,0,2,3,4,13,5845965
1975,4882,1,2,1,14,3,5,10,1,20,3750316
1976,4883,3,1,2,31,1,7,9,8,28,3402523
1977,3593,3,1,1,25,3,3,8,4,37,3467595
1978,2365,1,2,1,29,0,1,1,2,14,1424500
1979,1403,2,2,3,27,1,4,4,7,28,2284043
1980,3010,2,1,2,17,1,2,2,10,3,1578302
1981,4327,4,5,3,37,2,7,9,7,36,5442225
1982,1365,2,4,1,20,0,5,9,4,32,3266393
1983,1597,6,2,1,3,2,9,7,1,40,6075503
1984,1113,3,4,2,27,1,4,2,2,39,3301282
1985,1240,4,1,1,15,1,4,5,5,38,3475608
1986,3937,3,5,3,21,2,5,7,8,23,4808984
1987,2252,4,2,1,8,1,1,4,2,18,3622287
1988,2556,5,4,2,39,2,9,6,7,4,5638664
1989,2548,3,4,2,30,1,5,4,5,10,4189020
1990,4125,1,2,1,4,0,1,3,1,31,2028293
1991,2302,5,3,2,18,1,5,7,1,44,5457396
1992,2645,4,2,2,34,0,9,1,4,38,4016432
1993,2423,6,1,1,21,1,7,4,1,37,5294408
1994,2062,1,4,1,24,3,3,3,10,50,2170676
1995,678,3,2,2,26,2,6,6,5,32,3141623
1996,1814,4,3,2,11,1,10,9,7,45,5186446
1997,2817,2,3,2,8,3,3,3,3,18,3565934
1998,2932,2,2,1,8,3,7,5,9,34,3622988
1999,1047,2,2,2,14,2,9,8,4,11,3504526
2000,4518,5,4,1,23,3,8,6,3,12,6233513
2001,4152,3,2,2,9,3,10,5,9,48,4383123
2002,4826,1,5,1,40,1,1,5,4,37,3051751
2003,850,6,5,1,9,1,6,3,5,49,6123027
2004,2611,5,5,1,29,2,1,4,1,30,5275058
2005,3432,4,1,3,6,1,4,5,6,40,3788317
2006,944,3,2,3,20,0,8,5,1,47,3273219
2007,3893,3,4,3,27,3,8,1,6,35,4425036
2008,815,1,1,2,20,2,2,9,2,40,1837871
2009,2243,4,1,2,32,3,4,6,3,23,3714957
2010,740,4,4,2,20,2,7,10,7,24,4916775
2011,3719,3,3,3,21,3,7,4,2,13,4690482
2012,3697,2,1,3,18,1,1,7,10,39,2125672
2013,896,4,4,2,28,1,3,5,5,47,3971304
2014,4276,1,5,2,21,1,4,7,4,48,3216116
2015,2600,6,5,3,30,0,3,7,9,43,5608177
2016,2125,2,1,2,30,2,5,9,5,17,2899886
2017,1449,2,5,3,39,1,5,1,3,40,2979875
2018,754,3,4,3,30,3,7,3,6,10,4299459
2019,2884,4,2,1,13,3,2,6,6,21,3986796
2020,2125,1,1,3,18,0,4,10,2,33,2190946
2021,3107,5,4,1,23,0,1,6,6,50,4704654
2022,3286,5,4,3,16,1,8,9,8,14,6166060
2023,775,5,5,1,28,0,1,10,10,3,5012715
2024,3816,6,5,2,14,3,4,3,1,24,6891314
2025,3659,1,4,3,8,0,6,4,4,1,3481088
2026,941,4,5,3,31,2,3,7,8,6,4815947
2027,2093,5,4,3,38,1,7,10,8,48,5133621
2028,1434,6,1,2,21,2,1,2,6,49,4262532
2029,1904,6,1,3,15,2,8,1,8,33,4919804
2030,873,3,3,1,34,0,7,1,1,37,3234637
2031,2220,4,5,2,0,0,7,3,2,33,5300984
2032,3754,6,2,1,16,2,4,7,6,25,5689045
2033,1489,1,4,3,26,0,10,6,7,9,3170933
2034,4166,4,5,2,16,0,9,4,1,20,5750680
2035,2323,5,1,3,4,1,9,3,10,19,4539718
2036,807,4,5,2,36,0,1,6,10,23,3518487
2037,2624,6,1,1,32,1,5,6,3,24,4602129
2038,4481,3,1,2,2,0,2,7,5,1,3506344
2039,3734,2,1,3,31,3,2,5,4,44,2199488
2040,3442,3,1,1,12,2,9,4,3,36,4034453
2041,3411,4,1,2,13,1,9,2,8,39,4023056
2042,4912,3,2,3,7,0,5,5,6,13,3795479
2043,4003,1,5,2,12,1,9,3,7,44,3552179
2044,1386,2,3,3,5,0,5,3,5,20,3031361
2045,1599,2,3,1,11,3,5,5,6,20,3471589
2046,1079,4,4,1,20,0,1,2,10,39,3401855
2047,3939,1,4,3,33,2,10,1,10,42,2952586
2048,4958,1,1,3,19,0,5,9,3,33,2136523
2049,3725,6,5,3,14,2,8,8,8,16,7287873
2050,3232,2,5,2,22,2,2,5,2,15,3603974
2051,977,4,3,1,21,3,4,6,7,47,4150231
2052,3853,3,3,3,19,2,6,3,6,25,3746472
2053,3293,4,2,2,16,2,2,1,9,13,3374388
2054,2966,6,3,1,21,2,8,10,3,30,6702944
2055,4959,5,4,1,25,1,6,9,7,1,6138268
2056,966,4,2,3,31,1,5,6,8,2,3887448
2057,1564,6,5,3,26,2,7,6,1,20,6771573
2058,3998,3,5,1,22,2,2,9,10,31,4217386
2059,4572,6,1,3,2,0,7,4,10,12,5223063
2060,3834,5,5,1,17,0,5,5,6,27,5418330
2061,4991,6,5,1,12,2,10,1,10,2,6992184
2062,2369,6,3,3,35,0,8,1,5,20,5163823
2063,2884,1,4,3,19,2,7,4,1,40,3582178
2064,1990,3,2,1,7,0,2,8,4,8,3112543
2065,4394,2,3,3,12,3,8,4,9,46,3883113
2066,3449,5,2,1,26,0,1,9,2,25,4417289
2067,1447,2,1,1,34,1,1,5,10,26,1131082
2068,4105,5,4,3,40,0,5,7,3,47,5274454
2069,1706,2,2,3,28,2,6,1,5,36,2568848
2070,2204,2,4,1,3,1,8,2,3,28,4050026
2071,1497,4,4,2,0,3,5,2,1,14,5231355
2072,846,2,2,2,2,3,5,10,2,30,4022445
2073,3053,2,1,2,26,1,5,1,10,25,2101242
2074,2620,4,3,3,22,1,8,8,6,21,4926334
2075,1337,1,2,3,39,1,9,5,10,46,2171095
2076,2300,3,1,2,2,2,10,10,10,44,4383586
2077,4223,3,3,3,8,2,10,8,7,4,5221579
2078,901,3,3,3,2,3,8,8,2,42,5058225
2079,4307,4,3,2,8,0,8,8,9,12,4899763
2080,2205,6,3,3,7,2,1,1,5,10,5338681
2081,3139,3,1,1,35,3,10,6,5,7,3909420
2082,4504,5,4,2,11,0,2,6,7,25,5363706
2083,1614,2,1,1,20,1,7,3,5,50,2347250
2084,1845,6,2,2,27,2,6,5,5,24,5303738
2085,3157,4,5,2,31,3,8,2,10,23,5117541
2086,3325,5,5,2,38,3,2,1,3,11,5535215
2087,2914,5,4,3,31,3,6,2,9,35,4971708
2088,1183,2,5,2,11,3,8,7,9,36,4675110
2089,4701,1,5,3,14,2,3,4,4,44,3273960
2090,3333,3,3,3,33,2,2,10,2,37,4205506
2091,4520,4,3,2,18,3,6,3,3,27,5181526
2092,2159,6,2,1,10,0,5,1,1,24,5179784
2093,844,2,1,1,33,3,10,10,4,22,3428727
2094,3737,4,2,1,14,3,4,9,10,43,4308047
2095,3231,5,3,2,12,0,3,4,10,43,4241531
2096,2820,4,3,1,8,0,10,8,1,13,5701274
2097,702,6,4,3,17,2,10,6,10,29,6526991
2098,4038,4,3,2,7,2,3,6,4,11,4746020
2099,3128,3,4,2,39,0,4,3,10,16,3246828
2100,1035,1,2,3,14,0,9,2,2,10,2192979
2101,924,3,4,2,17,1,7,1,2,9,3926524
2102,647,4,5,3,15,2,5,4,7,26,4877600
2103,2139,4,4,2,14,2,3,9,8,39,5049190
2104,2430,6,2,2,37,2,5,3,1,32,5162559
2105,2675,4,2,1,19,1,7,5,9,50,4182626
2106,3833,3,3,2,33,3,9,3,6,1,4594029
2107,4319,2,1,1,10,0,3,4,5,31,2163301
2108,1126,6,3,3,29,2,4,5,1,19,5709612
2109,1567,2,4,2,5,2,5,10,8,19,3983409
2110,908,1,4,2,16,0,7,5,2,2,2856519
2111,2305,5,5,2,37,1,2,3,6,35,4680822
2112,4136,1,1,1,36,3,5,3,10,13,1496887
2113,1582,2,4,2,22,3,1,8,7,45,3189884
2114,4643,2,4,3,40,2,9,6,1,13,4689209
2115,2399,3,3,2,5,0,10,5,3,42,4128793
2116,2056,3,1,3,12,3,1,6,2,18,3285670
2117,3576,1,4,2,9,1,8,10,7,22,4129083
2118,2107,6,2,3,26,3,5,2,1,7,5553628
2119,2680,5,2,3,29,2,1,2,7,38,3615830
2120,906,4,5,3,6,1,10,7,1,29,5786064
2121,3002,2,1,2,22,1,10,10,6,32,3413259
2122,4348,2,1,2,23,2,4,4,10,36,2331903
2123,4963,5,3,2,0,3,4,5,7,36,5888876
2124,1982,4,3,2,34,3,8,9,10,11,5079773
2125,2945,4,2,3,0,2,5,7,1,40,4878433
2126,3048,5,5,2,28,0,1,7,9,50,4666498
2127,2238,4,3,2,30,0,7,8,10,17,4476904
2128,3968,2,4,3,8,3,3,3,6,28,3890105
2129,912,3,3,1,39,3,9,4,2,27,4395937
2130,1064,6,2,3,7,1,6,8,3,35,5389384
2131,2154,3,3,1,10,2,9,8,10,19,4316992
2132,4992,6,1,1,13,3,2,10,5,26,5448125
2133,4387,4,1,3,22,1,4,6,10,39,3266368
2134,1381,1,2,2,35,3,3,4,4,3,2128026
2135,4496,5,2,3,24,3,5,6,10,45,5001731
2136,4521,3,4,1,13,2,4,5,9,37,4173772
2137,2944,3,2,1,5,2,5,4,9,19,3456240
2138,3557,1,2,2,27,3,1,10,7,35,2262928
2139,3878,3,3,1,5,2,1,10,6,33,3923355
2140,653,6,3,1,24,2,6,2,4,49,5017981
2141,2142,1,2,3,15,2,2,5,5,11,2053521
2142,1717,2,3,3,16,0,2,4,9,33,2009946
2143,4863,5,3,3,29,3,10,7,7,33,6228968
2144,2820,4,3,3,32,0,4,6,9,27,3796874
2145,3375,2,5,2,4,2,3,2,4,33,3678660
2146,3521,5,2,1,4,1,6,9,4,30,5229076
2147,2776,1,1,1,9,3,10,7,2,12,3360723
2148,1756,2,2,3,14,1,2,3,7,31,1887683
2149,717,5,4,2,19,2,7,1,8,43,4848669
2150,2680,5,1,2,16,2,5,8,5,42,4864953
2151,1454,4,1,3,38,2,9,4,10,19,3428683
2152,1496,5,2,3,0,3,1,10,6,25,5266083
2153,3306,2,2,2,32,1,9,6,1,35,3652035
2154,3375,5,3,2,3,2,6,4,6,39,5548679
2155,2664,4,1,1,12,1,5,9,8,26,3750176
2156,915,2,4,2,3,0,3,7,5,1,3348160
2157,3608,1,5,2,28,2,6,7,1,32,3773502
2158,2724,2,4,2,3,1,7,6,9,12,3956653
2159,2874,1,4,2,29,0,9,9,7,5,3298613
2160,2463,5,4,2,12,1,2,3,7,30,4623130
2161,3396,3,3,3,13,1,10,7,4,8,4932196
2162,2907,3,2,2,15,2,8,1,7,47,3405110
2163,1686,3,1,3,36,2,4,5,1,49,2958305
2164,1812,4,3,1,3,3,6,10,4,34,5426668
2165,630,4,5,1,34,1,3,4,1,39,4563871
2166,2656,1,2,1,1,2,1,4,5,38,2150931
2167,4778,3,4,2,27,2,10,9,5,31,5122878
2168,2401,6,2,1,25,3,1,7,5,29,4983635
2169,2022,5,2,1,29,0,3,5,3,28,3867282
2170,2302,2,2,1,2,1,2,9,3,16,3125116
2171,3428,5,5,3,30,3,7,1,6,29,5644000
2172,2319,6,3,3,20,1,4,3,1,21,5185125
2173,639,3,1,2,15,1,7,8,6,25,3500423
2174,4282,1,3,1,15,2,4,5,1,28,3149081
2175,3333,3,1,2,38,0,3,2,9,40,2095628
2176,2251,2,4,1,30,2,7,10,9,27,3844054
2177,2500,5,1,1,20,1,10,4,6,6,4779621
2178,979,1,4,3,24,1,5,6,6,39,2636267
2179,2274,2,4,1,11,0,3,6,1,28,3578171
2180,4642,6,2,3,4,3,3,2,6,27,5270611
2181,828,2,2,1,40,1,3,5,1,13,2233118
2182,4936,5,4,2,39,1,7,6,8,15,5257012
2183,4469,2,5,2,1,0,6,3,1,39,4056725
2184,2002,4,5,2,19,2,9,8,7,38,5849275
2185,4231,5,4,2,14,0,4,1,10,27,4451927
2186,3429,6,4,1,5,1,8,3,2,17,6583478
2187,4856,5,2,3,34,1,3,10,7,41,4779351
2188,3863,4,4,1,31,0,6,9,6,16,4696736
2189,4843,1,1,3,16,0,7,2,5,35,2183477
2190,1638,1,5,1,39,1,3,5,6,6,2519312
2191,1588,1,4,1,10,3,7,10,1,40,4190366
2192,934,1,4,3,23,2,10,8,1,25,3728939
2193,3574,6,4,1,14,1,7,8,9,31,6577562
2194,1172,4,2,2,26,0,4,1,3,50,3271769
2195,3268,6,4,1,7,3,2,2,9,6,6058417
2196,4755,5,1,2,32,3,2,8,2,17,4776610
2197,2634,5,5,1,8,2,4,8,7,7,5893908
2198,917,6,1,2,40,2,1,6,9,10,4168513
2199,3991,6,3,2,11,3,5,1,5,30,6158981
2200,2618,6,2,3,12,3,10,3,2,15,6002385
2201,4262,5,1,1,12,2,5,3,10,5,4642414
2202,1343,2,2,1,35,1,3,5,8,1,2177177
2203,4293,6,4,1,27,2,1,5,9,39,5733605
2204,2918,5,5,1,3,2,3,9,2,17,6132584
2205,4881,5,2,1,23,1,3,4,3,38,4333082
2206,4886,6,3,2,16,2,3,10,7,6,6459762
2207,1405,1,1,3,33,2,2,1,5,46,1120660
2208,2862,6,5,3,34,3,3,5,8,42,5950785
2209,3418,3,2,1,39,2,8,2,7,35,3361287
2210,4931,5,5,1,25,3,7,2,9,43,5685420
2211,3346,4,4,1,22,3,2,4,5,41,4777281
2212,4185,6,2,3,35,3,2,5,3,37,5519894
2213,829,5,2,3,22,3,1,5,7,20,4408927
2214,1527,6,5,2,8,1,3,9,8,46,6110533
2215,3357,3,3,3,3,2,10,7,9,11,4895985
2216,4337,3,4,2,35,3,8,10,7,37,5218208
2217,3040,2,4,1,34,3,10,3,10,40,3741689
2218,2413,4,5,2,8,2,2,4,2,15,5253622
2219,3556,4,2,1,30,3,3,7,3,35,4511234
2220,2995,6,2,2,29,1,8,1,3,23,5215683
2221,1525,2,3,1,15,1,2,4,9,42,2302878
2222,3727,1,4,3,11,1,1,5,10,7,2437870
2223,3121,1,3,3,24,3,7,8,7,4,3375186
2224,4395,5,1,3,39,1,1,5,9,40,3281141
2225,773,6,4,2,4,2,8,5,4,46,6408177
2226,3828,1,4,3,40,3,9,4,8,17,3456310
2227,1324,6,5,3,9,1,5,2,9,25,5742497
2228,2308,5,3,3,11,3,5,8,7,12,5759493
2229,3428,5,1,3,4,2,6,7,3,32,4907978
2230,2904,3,5,1,34,0,7,7,9,31,4303874
2231,1698,6,5,2,15,2,4,5,4,9,6446399
2232,2549,5,3,2,8,0,1,10,1,36,5081062
2233,2565,6,1,3,27,3,7,7,6,4,5335886
2234,3889,1,2,3,22,2,10,8,3,35,3493861
2235,3153,1,5,1,30,2,8,6,10,45,3585646
2236,3761,1,5,3,40,3,7,6,8,8,3677582
2237,880,2,2,2,10,2,4,6,8,31,2793504
2238,1709,6,1,2,8,1,2,3,9,16,3968830
2239,855,2,3,1,19,1,4,5,5,43,2868147
2240,4227,3,3,1,30,0,9,9,3,31,4239104
2241,4388,3,5,2,40,2,8,8,1,35,5320804
2242,1157,5,5,2,2,1,10,8,5,24,6366790
2243,3446,1,3,1,3,0,3,8,7,23,2382790
2244,757,2,2,2,11,3,4,3,2,50,2586939
2245,1550,5,2,1,2,2,9,1,10,27,4798631
2246,2937,2,1,3,15,3,8,7,1,2,3488753
2247,2984,1,4,1,2,0,1,5,3,40,2804076
2248,1238,5,5,2,2,1,3,1,1,8,5323533
2249,888,6,5,1,12,2,8,4,7,21,6333125
2250,1995,5,1,3,26,2,6,9,5,12,4801593
2251,616,5,5,3,38,2,2,8,4,35,5183246
2252,2766,3,4,2,40,0,10,4,10,27,3920611
2253,2938,6,3,3,29,3,8,8,8,23,6407664
2254,3493,1,2,1,31,0,9,8,4,42,2736607
2255,1260,5,3,3,21,1,8,4,8,15,4785378
2256,3005,1,3,3,33,1,10,6,3,6,3079433
2257,1223,2,1,2,20,3,9,10,1,30,3566518
2258,3278,2,4,1,14,3,4,7,2,35,3925692
2259,700,6,1,3,6,1,10,1,6,35,5037890
2260,2183,1,4,3,1,2,9,10,5,29,4439841
2261,3486,6,2,3,37,1,9,5,3,37,5766158
2262,1863,5,4,1,7,1,10,5,4,50,5883357
2263,2536,5,2,1,32,0,4,4,8,42,3728142
2264,1003,6,5,3,6,0,6,9,6,34,6526071
2265,2723,4,3,1,8,3,7,6,3,43,5323543
2266,3592,4,2,3,31,3,8,7,10,42,4770830
2267,3881,5,3,2,8,0,4,9,5,32,5440882
2268,4079,4,1,3,9,3,1,2,6,39,3267821
2269,1441,3,2,1,28,1,7,6,3,15,3453404
2270,736,4,2,1,10,2,10,6,3,3,5111715
2271,3511,4,1,2,10,1,2,10,1,43,3891398
2272,1554,3,3,1,29,2,10,5,1,20,4701784
2273,1120,2,3,2,18,3,9,4,7,35,3702655
2274,3164,6,2,1,26,0,2,10,5,40,5247682
2275,3813,1,2,3,10,1,3,2,6,31,2117976
2276,1511,6,4,3,20,2,7,10,9,15,6135597
2277,3882,4,5,1,5,1,9,1,2,34,5807561
2278,2058,3,3,1,22,0,1,4,6,24,2969887
2279,3340,1,3,3,5,2,4,8,4,28,3096913
2280,2613,1,3,2,11,0,1,9,10,15,2155912
2281,3115,2,1,2,7,0,3,7,3,42,2569963
2282,1498,6,2,3,16,0,3,10,7,7,4943795
2283,684,4,4,3,6,3,3,10,8,29,5151515
2284,4327,5,4,2,15,1,8,2,6,27,5846688
2285,2456,2,5,1,23,2,10,1,6,29,4374847
2286,4541,3,4,2,11,3,8,4,5,30,5090000
2287,3359,5,2,2,5,0,9,1,8,47,4414501
2288,1827,3,4,2,8,0,9,6,4,35,4518657
2289,3283,3,5,1,29,1,1,8,2,41,4000770
2290,3608,1,5,2,34,1,10,6,2,19,4261641
2291,1684,4,3,1,18,1,1,10,6,36,3989907
2292,4699,6,2,3,25,0,1,1,5,22,4611145
2293,3206,4,2,1,32,2,10,5,2,9,4867311
2294,1680,2,4,1,22,1,2,1,3,20,2707202
2295,3268,4,4,3,28,2,8,2,8,40,4596427
2296,4253,4,5,2,29,2,9,1,4,14,5345381
2297,4192,5,2,3,8,3,9,10,7,7,6127794
2298,913,6,4,3,32,3,9,10,1,27,7073810
2299,1506,5,1,2,29,1,6,7,7,26,4198786
2300,4027,3,3,3,0,1,1,3,10,28,3612400
2301,2440,2,1,1,30,3,10,1,9,19,2855572
2302,1716,3,2,1,31,0,2,9,9,1,2553949
2303,4439,1,5,2,39,0,10,6,10,9,3284264
2304,1768,5,1,2,32,3,8,3,9,43,4161596
2305,1073,6,1,1,7,1,3,2,4,5,4288486
2306,1200,5,4,3,17,3,1,4,2,44,4851560
2307,2489,5,2,3,20,3,5,1,1,24,4909136
2308,3979,2,4,1,6,1,2,7,8,31,3691798
2309,2027,2,5,1,35,3,2,2,2,43,3236595
2310,1167,6,5,1,34,1,3,6,3,43,5540968
2311,2817,4,1,3,16,1,2,6,3,27,3507107
2312,2486,2,5,2,31,3,4,1,4,11,3652559
2313,2692,5,3,3,39,3,3,10,5,26,5274044
2314,1454,2,3,1,11,2,6,10,9,21,3794632
2315,4555,3,2,1,29,2,8,10,8,45,4262661
2316,4424,1,2,1,26,2,10,7,3,31,3299174
2317,1414,1,1,1,6,3,8,1,3,41,2321920
2318,3863,3,4,3,0,3,6,10,2,5,5440778
2319,2262,2,4,1,33,0,9,10,2,9,4023810
2320,2892,3,2,3,10,2,9,6,2,33,4363184
2321,757,4,2,3,38,2,6,9,10,36,4088934
2322,806,5,1,1,13,1,2,2,4,2,3525853
2323,2331,3,4,1,25,2,2,1,2,22,3660331
2324,2362,1,5,3,2,3,2,10,4,29,4056138
2325,2855,4,5,1,10,0,7,9,5,32,5417468
2326,3672,3,5,3,16,2,5,3,1,39,4545693
2327,3393,6,3,1,5,1,3,10,4,45,6154666
2328,1294,4,5,3,14,0,1,2,1,10,4496370
2329,2670,1,2,1,23,3,5,9,5,42,2784421
2330,1802,4,5,2,20,1,4,7,6,30,4748211
2331,1882,5,2,1,1,2,6,6,4,32,5143884
2332,1437,4,4,1,29,2,3,5,3,14,4189131
2333,2207,3,2,2,0,3,2,1,10,32,2991291
2334,704,6,3,2,25,2,4,1,9,3,4805868
2335,4581,1,2,3,16,3,2,9,6,48,2741700
2336,4959,1,1,1,38,1,7,7,6,11,2561963
2337,1540,5,4,1,34,0,6,5,8,39,4690809
2338,4220,1,3,1,18,1,3,5,5,23,2820634
2339,1393,6,2,2,2,3,5,10,6,9,6322787
2340,2105,2,5,2,31,1,6,10,2,16,4275772
2341,739,2,2,3,24,0,8,10,5,1,2867473
2342,3951,3,1,2,36,1,8,7,2,48,3419079
2343,670,4,3,3,34,1,5,5,7,39,3694651
2344,3756,6,1,3,11,1,9,6,6,4,5583790
2345,2929,3,1,3,19,1,9,4,3,13,3859449
2346,1171,6,1,3,3,2,1,7,8,31,4366279
2347,2571,2,3,1,4,2,7,3,5,2,3545640
2348,4161,2,3,3,36,1,2,7,7,34,2788196
2349,1737,6,5,2,2,2,8,10,2,2,7536542
2350,2932,3,4,3,29,1,9,4,5,22,4691515
2351,2793,2,4,1,8,1,1,1,9,38,2901510
2352,2418,5,2,1,3,1,3,4,2,26,4576356
2353,1705,2,4,2,31,1,7,7,1,50,3716153
2354,3867,3,3,1,30,2,2,3,4,20,3724253
2355,1061,2,5,3,34,0,5,10,2,7,3772537
2356,1202,1,1,3,33,2,7,3,2,5,2128597
2357,1032,2,4,1,18,0,4,7,8,28,2722904
2358,3780,5,3,2,14,0,2,8,2,48,4987821
2359,4974,6,1,2,24,3,4,5,10,4,5223167
2360,4200,4,5,1,14,0,5,1,7,21,4925734
2361,3762,4,1,2,3,2,5,2,2,5,4193727
2362,4150,5,3,3,40,2,9,9,6,15,6011566
2363,1582,2,1,1,23,3,10,2,9,33,2484683
2364,2465,3,5,2,24,2,10,8,1,10,5618878
2365,3310,2,5,1,39,3,4,2,7,4,3651669
2366,764,1,5,2,0,0,7,10,4,13,4103482
2367,1810,2,5,1,13,3,3,5,4,30,4217737
2368,1596,1,1,2,31,3,9,4,5,32,2252988
2369,887,6,5,2,37,0,2,9,10,2,5120977
2370,1715,2,1,2,13,3,10,5,9,23,3105268
2371,4564,4,3,3,38,2,6,5,1,40,4647398
2372,3030,4,4,1,13,0,1,7,1,44,4264285
2373,3278,2,2,2,29,1,3,5,7,21,2488130
2374,2762,1,2,1,32,0,4,2,7,28,1241721
2375,1882,1,5,1,14,0,2,5,3,46,2801381
2376,4915,3,4,2,34,0,5,1,2,31,3541679
2377,1894,3,4,3,7,0,3,5,9,30,3618128
2378,1898,5,3,2,30,1,4,9,1,32,5271413
2379,3861,1,4,3,19,2,3,3,10,5,2742812
2380,656,2,5,1,38,1,9,7,5,21,3757399
2381,4324,4,5,2,34,0,8,6,7,16,5117335
2382,1377,5,3,2,36,1,6,6,8,2,4631016
2383,3744,6,4,2,12,0,7,2,10,23,5847725
2384,986,4,2,2,18,3,4,3,3,30,4260762
2385,2663,3,1,2,10,1,7,3,9,1,3156842
2386,2953,5,2,3,5,0,1,3,8,2,3736969
2387,890,6,4,1,1,1,4,2,3,20,5672129
2388,2937,3,1,1,30,0,5,4,6,37,2486317
2389,1161,6,4,1,37,0,3,7,8,5,5062878
2390,4115,2,5,3,10,1,7,3,2,12,4267660
2391,3117,3,2,1,22,0,4,7,6,3,3284321
2392,1278,6,4,3,7,1,5,3,10,1,5486713
2393,4881,6,5,3,25,3,10,6,7,35,7166007
2394,1459,5,1,2,21,0,5,9,8,47,4171473
2395,3802,1,5,3,11,2,1,1,2,50,2983521
2396,3314,5,1,1,27,0,1,4,2,30,3690571
2397,3366,1,2,3,11,3,2,3,10,22,1942156
2398,1767,3,4,2,2,0,4,10,6,33,4290308
2399,1773,4,5,3,21,0,2,6,9,31,4509020
2400,2003,4,3,3,30,3,2,7,9,29,3770428
2401,1339,5,2,2,2,1,7,5,9,50,4524094
2402,1929,5,2,3,19,0,5,2,7,27,3713238
2403,1823,2,4,3,17,2,6,10,8,24,4046326
2404,1006,3,1,3,15,0,1,6,8,49,2173949
2405,1422,5,2,2,31,2,10,3,10,10,4973428
2406,1452,6,2,2,7,3,9,8,4,2,6479885
2407,3255,1,1,3,22,0,9,2,8,38,1864538
2408,4062,1,3,2,36,1,3,4,3,1,2528170
2409,4898,6,5,3,0,0,7,8,5,7,7027273
2410,4381,4,3,2,25,0,5,2,1,25,4409351
2411,3978,5,3,3,2,2,2,6,5,12,5124783
2412,2069,5,3,3,13,3,4,2,1,39,5368410
2413,2278,2,5,1,12,1,2,6,5,41,3430934
2414,4137,4,3,1,1,3,7,2,6,13,5380618
2415,2483,3,2,3,31,2,4,2,2,8,3288647
2416,3783,6,2,2,23,1,2,2,10,18,4370358
2417,626,6,1,2,31,0,3,4,7,2,4089006
2418,3520,3,4,3,26,2,1,10,8,16,4351986
2419,1643,5,1,2,21,3,6,10,4,6,4936818
2420,2125,4,5,2,28,3,8,6,9,41,5371901
2421,3951,6,2,1,0,1,6,7,8,7,5742690
2422,2705,3,1,2,7,3,9,1,9,15,3419125
2423,634,6,4,3,34,0,3,10,2,11,5717797
2424,769,5,3,3,35,2,6,9,1,50,5523564
2425,994,2,1,1,2,3,1,6,8,48,2374511
2426,3877,2,1,2,34,1,2,2,5,39,1733474
2427,3198,4,4,2,39,0,2,2,10,10,3251954
2428,1968,1,3,3,8,3,4,4,4,3,2848942
2429,2229,3,2,1,37,2,10,7,6,8,4164717
2430,1552,6,2,1,37,2,9,6,1,3,5800853
2431,4062,4,2,3,37,1,4,10,2,43,4231904
2432,3530,5,3,2,11,3,9,5,10,2,5569448
2433,3693,4,1,1,18,0,7,10,10,22,3802035
2434,3019,6,4,2,1,1,9,1,10,26,6252799
2435,3709,2,1,1,30,2,8,4,6,15,2979182
2436,2857,6,3,3,23,1,8,7,9,18,5811363
2437,4052,1,2,3,24,0,5,3,8,8,2060886
2438,1074,5,5,2,11,2,9,10,5,4,6463921
2439,3010,2,3,2,19,1,3,1,9,12,2585832
2440,1762,3,4,2,10,0,2,9,6,24,3897107
2441,4906,4,3,2,38,0,2,3,5,19,3467995
2442,3773,4,1,1,34,2,1,3,6,40,2871066
2443,3290,4,2,1,27,2,6,7,8,49,4053630
2444,2760,2,4,3,10,0,4,3,2,27,3607077
2445,3618,1,3,3,33,0,1,6,2,37,1776279
2446,3950,6,1,2,11,1,2,2,1,35,5022878
2447,3983,6,4,2,21,3,5,9,2,38,7082281
2448,4771,3,1,3,10,0,1,9,7,23,2916656
2449,1607,3,1,2,13,0,5,3,2,37,2720103
2450,2599,6,3,2,17,2,8,5,1,25,6035252
2451,3027,4,4,3,18,3,8,6,8,47,5174391
2452,4687,3,3,3,12,1,6,4,6,20,4272754
2453,4221,1,3,3,19,1,10,8,8,24,3402841
2454,2831,1,5,2,6,0,2,2,1,6,3079669
2455,4381,3,3,2,11,2,5,3,8,14,4049921
2456,757,6,2,1,35,1,3,10,1,46,5053918
2457,2683,6,4,1,21,2,8,7,8,26,6640210
2458,3672,1,4,3,23,0,3,6,3,8,2615168
2459,2075,5,2,2,33,2,6,8,8,46,4428821
2460,4728,1,3,2,0,3,7,3,2,16,3478063
2461,2566,6,5,3,9,0,4,6,3,45,5951142
2462,3937,4,4,2,0,1,7,9,9,40,5643627
2463,615,5,4,3,34,1,2,3,10,21,4145917
2464,4820,3,3,1,5,1,6,2,4,29,4197997
2465,3201,5,4,3,6,1,8,7,10,45,5631357
2466,4972,2,2,2,1,0,10,4,10,26,3460724
2467,3455,5,2,2,9,1,5,8,1,40,5046824
2468,995,4,4,1,2,1,6,5,6,42,4907451
2469,3893,4,5,1,7,2,9,5,8,24,6199539
2470,3116,1,5,2,33,1,1,1,1,34,2659234
2471,1851,1,3,3,32,3,7,3,7,7,2880574
2472,732,1,4,2,27,0,10,6,6,23,2873836
2473,4495,4,1,2,16,3,2,6,2,24,4476371
2474,784,3,3,2,27,0,8,2,8,14,3501927
2475,1286,3,1,1,37,1,8,2,3,49,2962011
2476,3977,6,4,1,1,2,7,3,3,17,6863599
2477,4684,6,2,2,3,3,2,10,2,21,6223062
2478,2445,6,5,1,32,0,9,10,5,33,6917551
2479,1830,5,5,1,11,2,5,9,2,42,5998803
2480,2064,1,5,1,15,0,8,8,2,25,4032969
2481,3242,1,5,3,2,1,9,8,7,29,4302288
2482,1950,1,1,3,37,1,4,4,9,17,921447
2483,3974,4,2,1,2,1,2,7,4,45,4084307
2484,3379,1,2,1,8,3,10,6,9,37,3412304
2485,748,5,4,1,10,2,2,8,2,24,5533572
2486,1127,1,3,3,38,1,3,2,1,3,1891576
2487,1963,4,1,2,12,1,8,2,7,42,3582009
2488,4436,2,2,2,7,3,2,3,1,21,3079396
2489,4156,1,4,1,37,1,5,5,1,40,3156543
2490,3944,4,4,1,11,1,5,2,4,24,4909191
2491,2018,4,1,1,26,0,6,4,8,23,3439164
2492,4530,2,4,1,26,1,7,10,5,26,4153808
2493,958,2,5,3,2,3,7,2,1,7,4588460
2494,1695,5,5,3,37,0,6,3,5,37,4815056
2495,1943,2,3,3,6,2,7,7,4,47,4016214
2496,2363,4,4,2,38,3,4,7,7,24,4547853
2497,4766,1,1,2,25,0,7,10,7,18,2512432
2498,1467,3,1,3,32,0,3,10,1,5,3205813
2499,654,1,2,2,9,1,4,3,7,33,1419502
2500,2572,6,1,2,6,2,10,1,9,34,5489803
2501,3557,3,1,1,14,1,10,5,9,24,3740965
2502,1809,3,5,3,15,2,9,5,10,44,4713791
2503,2839,6,2,3,3,2,2,1,1,11,5493951
2504,1171,4,1,2,33,1,1,6,7,18,2970545
2505,2920,4,3,1,13,1,3,7,4,32,4218942
2506,1884,2,5,1,14,2,3,8,6,6,3816750
2507,4483,6,4,3,31,1,5,9,6,29,6414592
2508,4699,5,5,3,34,1,6,10,3,2,6206012
2509,3180,6,5,3,31,3,2,5,3,33,6056828
2510,1000,1,3,3,36,1,9,4,7,43,2513788
2511,629,2,4,2,26,0,7,5,2,25,3486882
2512,3941,1,1,3,30,3,4,4,9,45,2038528
2513,1241,3,1,3,29,0,8,6,3,14,3157672
2514,4978,4,5,1,17,3,5,7,4,16,6157680
2515,2194,4,4,1,1,1,7,8,9,31,5080174
2516,4720,4,2,3,6,0,7,7,2,43,4680539
2517,2361,3,1,3,25,2,8,7,3,24,3650849
2518,3498,2,1,2,9,3,3,9,9,33,3149633
2519,2678,2,5,1,33,0,5,7,9,18,3548560
2520,3038,1,2,3,15,1,7,6,7,9,2539469
2521,3691,5,3,2,29,2,7,1,3,10,5175320
2522,1571,4,4,2,37,3,8,10,6,34,5321111
2523,4629,3,5,1,32,3,1,4,1,40,4692168
2524,3221,1,5,3,30,3,7,10,4,11,4525794
2525,609,1,4,2,3,1,5,1,2,25,2500010
2526,625,4,2,3,8,1,6,8,10,20,4318978
2527,2760,6,2,3,31,2,8,1,7,31,5153485
2528,691,6,2,3,25,3,10,10,8,40,6168433
2529,3494,6,3,2,34,3,2,5,2,7,5739176
2530,785,1,4,2,21,3,4,7,10,15,2968238
2531,2757,1,1,1,15,0,2,1,2,4,1455050
2532,4036,1,2,2,7,0,7,9,3,15,3088016
2533,3845,1,1,1,1,2,9,1,5,11,2520311
2534,3466,1,1,2,23,2,2,2,4,35,1450455
2535,1291,4,4,3,40,1,3,6,3,6,4258317
2536,1289,5,2,2,40,1,7,9,5,22,4958684
2537,4403,2,3,2,26,1,2,7,7,31,2881498
2538,2489,4,4,1,40,3,5,10,1,20,5562115
2539,1443,6,5,2,27,1,6,5,4,30,6182580
2540,1776,2,1,2,19,3,5,3,7,16,2564477
2541,811,3,1,2,6,2,8,6,9,40,3308602
2542,4931,1,1,1,30,1,2,6,10,26,1553332
2543,947,5,3,1,37,0,7,9,9,20,4720958
2544,2804,2,4,2,20,2,1,2,7,44,2756139
2545,2589,2,5,3,20,1,10,7,3,37,4464059
2546,1648,2,3,3,37,1,4,10,9,15,2685724
2547,2880,4,4,3,6,2,9,10,9,16,5714059
2548,2607,6,2,2,22,2,8,10,5,32,5977117
2549,3184,6,5,3,5,2,4,1,10,24,5787253
2550,962,2,1,3,0,3,3,1,7,9,2482934
2551,3647,4,3,1,23,1,2,3,1,23,3892844
2552,1220,3,5,3,8,0,9,5,6,39,4439859
2553,3355,3,3,1,17,2,1,1,10,35,3015213
2554,3993,6,2,2,19,3,6,5,2,7,6319648
2555,2496,4,4,2,28,2,5,6,10,19,4545939
2556,932,6,2,3,32,2,1,6,5,15,4463985
2557,2189,2,4,3,24,2,6,3,9,46,3033134
2558,1591,3,4,1,31,1,3,4,5,25,3505273
2559,1890,4,3,3,12,2,7,7,10,7,5019240
2560,4858,2,2,2,17,1,10,3,10,47,3434669
2561,987,3,4,2,39,2,9,2,9,9,3638063
2562,1143,6,2,2,26,1,7,9,5,43,5401813
2563,4221,6,5,1,20,0,7,6,6,32,6342372
2564,1169,5,1,1,20,3,9,4,1,39,4990089
2565,3744,3,1,3,37,2,9,2,5,34,3325044
2566,3755,3,5,3,2,2,2,4,1,39,4633358
2567,2122,2,5,2,3,0,8,1,7,12,3621504
2568,3465,1,3,2,28,2,4,1,9,3,1966765
2569,718,6,2,1,32,2,5,6,5,7,5262290
2570,4035,6,3,2,2,0,9,6,9,18,5909939
2571,4487,3,5,2,6,0,5,3,10,17,4429091
2572,4479,5,2,1,20,1,10,1,1,9,5417723
2573,3222,5,5,3,21,3,7,4,5,21,6241552
2574,1790,2,1,1,9,0,5,9,5,35,2834831
2575,2413,6,1,2,23,3,3,2,3,40,4611636
2576,1945,2,2,2,2,0,10,9,7,23,3387767
2577,3218,5,5,1,18,3,8,3,7,23,5931351
2578,3383,6,4,2,21,1,2,3,2,49,5663471
2579,4410,1,2,3,13,2,10,9,1,33,3634946
2580,3029,4,1,2,3,2,6,8,1,24,4710794
2581,1134,5,5,2,4,0,6,8,10,48,5722675
2582,3854,1,5,1,13,3,3,10,2,5,4211686
2583,1599,6,4,1,18,2,1,9,1,12,5953222
2584,1198,2,3,3,30,0,6,1,1,13,2891429
2585,1773,1,2,3,1,1,1,8,10,3,2036270
2586,2066,4,2,2,40,2,3,10,6,21,3841159
2587,2431,5,1,2,4,1,8,7,2,18,5403879
2588,4963,6,3,1,12,2,7,4,3,23,6475236
2589,3600,5,1,3,6,2,9,1,1,22,4883431
2590,951,2,3,1,19,2,8,10,5,8,3904163
2591,997,5,3,3,40,3,10,6,9,5,5538773
2592,833,1,5,1,32,2,9,4,5,41,3617618
2593,1128,5,2,3,11,3,9,10,8,42,5652217
2594,4613,2,3,3,11,0,1,9,9,31,2805117
2595,2403,6,4,3,5,2,3,3,7,39,5508878
2596,1353,1,3,1,29,1,10,5,9,37,2744493
2597,3450,2,4,2,26,0,3,2,8,11,2948788
2598,1954,5,5,3,27,1,7,9,6,21,5988493
2599,2756,2,4,3,39,3,8,2,2,15,3674283
2600,4327,4,4,2,35,1,2,5,8,43,4071837
2601,2896,3,3,3,7,2,10,7,10,1,4791448
2602,2342,4,4,2,29,2,8,6,3,22,4989989
2603,2807,5,4,1,27,3,5,5,4,26,5323471
2604,4092,1,5,1,1,1,3,9,2,34,4056864
2605,1578,1,1,1,16,1,2,4,3,31,1632528
2606,4614,3,4,2,13,0,4,8,10,32,4270970
2607,2996,4,3,3,31,2,7,4,5,23,4436965
2608,4014,6,2,2,10,0,9,6,6,15,6123247
2609,1687,1,2,2,10,3,6,9,5,21,3023384
2610,2146,5,5,1,7,1,4,7,9,13,5777491
2611,2749,4,1,3,24,0,2,9,6,17,3439731
2612,2982,3,3,2,1,2,4,9,1,21,4669055
2613,4963,2,3,3,3,2,10,4,3,14,4767326
2614,1118,2,3,1,7,1,9,5,2,46,3890521
2615,4722,3,5,1,14,1,5,9,10,10,4689257
2616,2217,3,3,2,40,0,10,7,5,27,3895933
2617,4944,2,2,2,8,0,1,9,8,13,2935674
2618,616,5,5,3,24,0,4,7,7,43,5013304
2619,4878,3,2,2,40,0,3,2,1,47,2816029
2620,2074,4,1,3,10,1,10,6,8,35,4355765
2621,3109,6,2,3,6,3,9,7,9,1,6402500
2622,3206,3,1,3,0,3,6,4,1,37,4276682
2623,2127,4,4,3,16,0,9,8,8,35,5304819
2624,1283,3,5,1,17,3,8,6,2,9,5534071
2625,3043,3,1,1,17,0,4,8,5,47,3283080
2626,1141,1,3,3,40,0,4,5,9,45,1421449
2627,3232,4,2,3,24,2,4,9,4,6,4598838
2628,3801,3,3,1,36,3,6,3,4,39,3691118
2629,4217,1,5,3,17,3,8,9,1,35,4937187
2630,1645,6,5,3,0,2,6,10,9,22,7043747
2631,1642,6,3,2,31,0,5,9,10,1,5484031
2632,4649,5,2,3,24,2,7,1,9,17,4738021
2633,4100,3,3,2,24,0,3,10,6,28,3503089
2634,3015,1,1,2,4,3,1,2,3,19,1939026
2635,2331,5,2,1,0,1,4,10,4,7,5039181
2636,4114,3,1,2,35,0,10,1,5,3,3439105
2637,3471,3,2,2,5,2,2,1,4,1,3258060
2638,3238,1,1,3,15,3,1,9,3,34,2034381
2639,2155,5,4,3,28,2,8,5,4,40,5632625
2640,3690,6,1,3,0,3,2,7,10,43,4873536
2641,3705,3,3,2,19,3,10,1,2,32,4719888
2642,2936,5,1,2,35,2,3,3,2,32,4034164
2643,1390,3,2,3,17,1,9,6,8,32,3420334
2644,1318,3,2,2,32,3,4,5,3,21,3660501
2645,1610,1,3,3,2,3,10,6,5,27,4009006
2646,2061,3,2,3,11,2,9,7,7,44,3891168
2647,3935,1,3,2,18,2,8,8,1,32,3962886
2648,1705,2,4,3,0,0,3,8,2,20,3514989
2649,1176,5,2,2,33,3,9,8,6,1,5426074
2650,2288,6,5,1,6,3,9,3,7,43,7216268
2651,3427,4,2,3,7,2,5,3,8,28,3929073
2652,3459,2,2,1,38,0,9,8,5,18,3136675
2653,2597,2,5,3,32,2,2,6,3,32,3430425
2654,2003,1,2,3,14,1,10,7,4,30,3096461
2655,2145,4,4,1,38,2,5,7,5,28,4899968
2656,631,2,3,2,16,3,3,5,6,36,2928204
2657,2644,3,4,3,24,3,2,9,9,28,4112740
2658,4159,5,2,3,19,3,5,3,9,34,4931159
2659,3435,2,5,1,16,0,4,1,8,15,3172229
2660,4864,1,5,1,3,0,6,8,5,26,3736369
2661,933,4,4,3,7,3,4,4,5,37,4919310
2662,2549,1,3,2,7,1,9,9,1,11,4028550
2663,4779,6,2,3,37,0,8,8,5,16,5411825
2664,1936,4,2,3,10,2,3,4,10,33,3850570
2665,636,6,2,1,39,0,9,5,6,40,5085130
2666,1007,2,5,1,32,2,10,9,9,20,4233308
2667,3347,1,3,2,38,2,5,2,4,28,2628993
2668,4501,3,4,1,3,3,7,7,7,10,5239439
2669,1927,1,5,1,37,0,9,4,5,37,3164319
2670,2554,1,4,1,26,1,10,9,6,10,3454810
2671,4909,5,1,1,37,0,7,2,3,26,3966201
2672,2053,1,1,3,25,3,4,1,7,25,1628316
2673,1259,1,4,3,12,1,10,4,10,3,2941913
2674,2192,4,2,2,25,1,8,7,5,30,4369464
2675,4717,3,1,1,12,1,4,1,3,42,3338994
2676,4916,5,3,3,3,2,8,10,8,42,6199363
2677,3040,6,5,1,40,1,6,6,10,17,6052313
2678,3027,2,1,2,8,1,2,10,3,48,2533301
2679,1323,1,2,3,3,3,2,8,10,30,2530958
2680,3124,1,2,1,21,2,4,8,6,1,2342191
2681,4762,1,4,2,21,3,3,10,10,13,3339611
2682,2519,2,4,3,11,3,5,10,10,41,3802957
2683,2492,4,1,2,31,0,2,3,3,10,3084187
2684,2128,2,3,2,28,1,10,10,4,2,4003885
2685,4014,4,2,3,18,0,4,6,6,42,3767629
2686,4971,4,4,1,11,2,3,2,10,7,4817818
2687,677,2,4,2,28,3,8,3,5,27,3551338
2688,1811,2,5,1,14,0,1,1,9,10,2527445
2689,4728,6,4,2,37,3,2,9,5,43,6122345
2690,3724,1,3,1,37,0,8,7,5,11,2584009
2691,3775,6,5,2,8,1,10,1,9,31,6684242
2692,4678,3,5,2,29,2,4,4,6,46,4419467
2693,3407,3,5,2,16,0,9,4,1,36,5171513
2694,3345,3,2,2,13,0,6,5,6,11,3735451
2695,3047,4,2,1,17,3,8,10,10,48,5073413
2696,2148,5,4,1,20,0,7,10,5,10,5952057
2697,1162,1,2,2,38,3,6,10,10,46,2331832
2698,3149,1,2,3,25,2,9,6,8,8,3112976
2699,3486,2,5,1,26,1,5,2,10,10,3179517
2700,1012,5,1,3,36,1,5,1,5,46,3252846
2701,4008,5,5,1,10,2,7,5,3,42,6204146
2702,4900,2,1,1,28,2,4,8,9,26,2520010
2703,1865,1,3,2,5,0,1,7,5,27,2389254
2704,2658,3,2,1,34,3,5,2,1,49,3350891
2705,1917,4,1,3,18,3,3,2,7,43,3186332
2706,2921,1,2,2,5,0,8,2,3,50,2654928
2707,4992,6,2,1,33,1,5,5,7,21,5515176
2708,3183,4,3,2,8,3,7,6,4,18,5332427
2709,4384,4,3,2,6,1,9,10,10,15,5201135
2710,3932,2,2,2,6,0,5,6,10,37,2866069
2711,1811,6,5,2,15,1,4,4,9,43,5524084
2712,3963,5,4,1,39,2,3,4,5,36,5122301
2713,1567,3,1,3,16,1,1,8,7,28,2914406
2714,991,5,1,1,18,1,8,2,2,19,4529116
2715,4589,6,2,2,36,0,3,3,4,46,4376853
2716,1914,1,1,1,34,1,9,2,5,40,1613453
2717,1931,5,3,1,25,3,3,8,6,2,4915383
2718,4162,5,1,3,39,3,6,2,8,50,4008734
2719,4225,5,4,2,39,3,10,10,1,34,6928976
2720,1510,2,5,1,36,1,5,9,9,17,3309879
2721,4532,3,1,1,24,3,7,6,1,44,3823550
2722,1023,5,4,2,7,0,10,6,8,28,5653352
2723,2636,5,2,3,26,0,4,8,9,1,4560662
2724,2687,4,5,1,14,1,8,2,7,11,5163354
2725,3285,5,3,2,26,0,6,3,4,37,4509169
2726,4383,3,4,3,29,2,3,3,1,50,3820788
2727,1728,5,1,1,1,2,3,5,3,12,4739053
2728,1311,4,4,3,40,2,2,9,1,19,4316950
2729,3761,4,3,2,27,1,10,7,10,13,4928664
2730,4682,1,1,1,9,2,1,8,7,31,1821121
2731,3058,1,3,2,36,3,7,9,8,10,3161387
2732,4694,4,2,3,35,3,6,9,1,37,4766723
2733,3413,2,5,1,9,0,10,6,4,41,4538429
2734,2070,5,4,2,9,3,8,9,7,44,6110178
2735,1899,5,2,2,13,0,8,2,1,36,4488778
2736,904,6,1,3,27,2,10,8,4,25,5887081
2737,3193,5,4,2,38,2,7,8,8,46,5737278
2738,4406,6,2,3,9,2,10,6,3,16,6311698
2739,1571,1,5,1,25,1,4,7,2,36,3206756
2740,2321,5,4,2,40,1,9,1,8,2,5300500
2741,604,3,5,2,12,1,8,2,6,16,4226057
2742,2936,3,4,1,11,0,6,6,2,50,4227606
2743,2357,2,5,1,30,1,9,6,3,45,3967559
2744,4332,2,2,1,0,2,4,4,10,17,3017129
2745,4988,5,2,3,30,3,7,3,1,9,5403197
2746,3857,5,4,3,14,3,9,10,4,31,6890853
2747,4861,4,3,1,26,1,5,10,10,27,4783974
2748,616,1,1,1,23,1,8,8,4,7,2042164
2749,1475,4,3,2,21,2,10,4,4,39,4723631
2750,2000,4,3,3,32,2,8,3,9,31,4005184
2751,4877,4,4,1,9,2,6,1,10,26,4771254
2752,4251,4,5,2,17,0,2,4,5,27,4516206
2753,1795,2,1,1,13,1,5,10,5,41,2704509
2754,1645,5,2,1,14,1,2,3,10,31,3766650
2755,3138,3,2,1,0,2,2,4,4,43,3780014
2756,4670,3,1,3,4,2,8,8,7,10,4343349
2757,3744,3,5,3,19,0,3,8,10,38,4226998
2758,2942,6,3,3,21,3,8,6,10,36,5840435
2759,1349,2,4,2,32,3,10,6,3,9,4517164
2760,2033,5,5,2,17,0,4,8,4,36,5318893
2761,3311,6,4,3,26,2,2,9,1,32,6439475
2762,4364,2,3,3,28,2,3,9,10,1,3062726
2763,1746,1,1,2,21,1,2,4,5,16,1584285
2764,2685,5,1,3,8,0,9,6,4,6,4720756
2765,1640,6,4,1,9,2,3,8,1,20,6261241
2766,4641,4,4,3,35,0,8,6,2,13,5080327
2767,2809,2,5,1,27,0,2,9,6,48,3701727
2768,1516,1,2,2,1,3,7,4,4,42,2986261
2769,910,2,5,2,2,0,5,4,5,20,3507357
2770,1735,5,2,1,14,3,6,4,7,38,4625332
2771,2467,5,2,1,15,2,3,8,1,40,5260483
2772,4027,2,3,1,37,1,10,7,9,28,3441209
2773,1325,2,3,1,9,1,10,4,9,13,3225653
2774,3389,6,5,2,17,0,9,1,10,23,6008917
2775,2301,1,5,2,21,3,6,3,6,50,3160703
2776,1326,1,2,1,13,2,1,2,3,25,1603924
2777,2511,1,4,3,24,2,2,2,1,8,2401984
2778,4843,6,2,3,22,0,2,6,10,4,4636451
2779,4060,1,5,3,33,2,8,2,2,1,3959766
2780,1407,3,1,3,38,0,3,9,1,2,2799559
2781,1345,4,3,2,23,3,4,9,1,9,5241421
2782,4853,4,2,3,32,3,10,6,3,45,5137690
2783,1858,5,3,2,35,1,4,2,6,25,4315044
2784,731,5,5,3,23,0,4,7,5,1,5217986
2785,3717,1,3,2,10,1,5,10,7,18,3387957
2786,4901,5,1,2,32,0,9,4,7,2,4337486
2787,2821,4,4,2,28,0,1,10,3,2,4367018
2788,4410,6,2,1,4,2,8,3,7,34,6055363
2789,699,2,1,1,15,2,6,1,2,45,2262128
2790,3542,5,1,3,40,1,5,10,5,38,4131444
2791,1628,6,4,2,34,3,3,5,1,16,6150931
2792,4635,3,1,1,8,1,6,6,6,28,3674316
2793,2937,1,5,3,15,3,5,4,7,2,3387165
2794,2140,4,2,2,18,1,8,8,1,44,4995308
2795,4982,1,4,2,4,0,7,10,4,14,4019734
2796,2371,3,1,2,19,2,2,3,3,10,2607111
2797,3776,1,3,3,31,2,5,2,5,39,2129798
2798,704,6,4,1,0,0,9,10,4,45,6636412
2799,3208,5,4,3,12,3,6,6,5,50,6217298
2800,3952,1,5,2,4,1,2,6,5,32,3227415
2801,1310,2,2,1,21,2,2,5,4,1,2560460
2802,2908,6,5,3,38,1,6,10,6,22,6388689
2803,4250,1,3,3,40,2,3,4,5,31,2409229
2804,928,1,5,1,30,1,3,8,10,3,2438422
2805,4355,3,3,2,31,3,2,3,9,44,3493880
2806,3482,6,3,3,27,2,10,1,6,10,6164312
2807,1141,2,4,1,16,2,5,10,7,41,3579716
2808,4817,6,4,2,31,2,3,4,6,44,6024091
2809,3988,6,5,3,40,3,8,1,1,33,6698469
2810,2241,6,1,1,31,3,1,3,9,47,3908966
2811,4189,2,4,3,17,0,8,8,8,9,3987281
2812,3007,5,1,3,3,0,4,3,7,5,4058148
2813,2109,3,4,3,18,1,6,7,6,30,4213850
2814,825,3,2,3,38,0,4,4,3,33,2409130
2815,3813,5,4,3,31,0,3,8,4,1,5352177
2816,1959,4,5,1,10,2,8,10,3,27,6079792
2817,1933,6,3,1,3,2,8,2,3,34,6185501
2818,2006,5,2,3,2,2,7,4,1,9,5075549
2819,3569,3,3,2,38,1,5,10,10,7,3768008
2820,3922,1,3,1,2,3,9,7,1,6,4338326
2821,3521,4,5,2,1,3,7,4,8,22,5787186
2822,2501,4,5,1,0,1,1,7,8,24,5065817
2823,4859,1,1,3,36,1,7,9,6,9,2166790
2824,3611,6,5,2,20,0,9,6,9,42,6525409
2825,620,3,5,1,2,1,7,7,7,17,4967631
2826,4020,6,4,2,9,0,10,7,10,24,6605229
2827,662,2,1,3,30,2,6,8,6,9,2288400
2828,3430,3,4,1,32,1,3,9,7,36,3680820
2829,4689,4,1,1,0,1,7,9,7,41,4755112
2830,4908,5,1,1,25,3,6,5,10,12,4916992
2831,4760,2,5,2,29,3,2,7,2,6,4072535
2832,1433,2,5,2,33,3,6,2,5,16,3770919
2833,3700,1,1,3,12,1,4,6,10,46,1881937
2834,3812,4,5,2,9,0,3,7,2,15,5337006
2835,4475,5,4,2,39,2,6,10,8,25,5914961
2836,4748,5,5,2,22,1,9,9,1,39,6935262
2837,4427,5,5,3,40,0,4,2,6,9,5217399
2838,2482,5,2,3,30,0,1,10,1,28,4406527
2839,3558,3,4,1,25,2,6,2,6,40,4335908
2840,748,5,5,2,22,3,1,7,10,36,4971491
2841,3385,5,4,2,7,0,3,6,4,22,5303436
2842,3097,6,5,3,26,0,4,3,1,9,5980191
2843,1358,4,2,3,24,3,6,6,8,3,4155838
2844,1547,1,3,1,9,2,7,2,6,6,3055589
2845,2976,1,1,2,20,1,5,1,7,33,1503522
2846,748,4,2,2,35,0,4,8,10,48,3176991
2847,3285,3,2,1,34,1,6,4,9,28,3031572
2848,3189,5,5,2,37,0,3,1,10,43,4360930
2849,2915,5,3,3,17,0,9,3,5,44,5275864
2850,4325,1,4,2,23,0,2,5,1,17,2778839
2851,1351,1,1,3,30,3,8,2,8,6,1781496
2852,2671,3,1,3,24,2,5,6,10,9,2848123
2853,4148,3,1,1,37,1,5,4,1,33,3284544
2854,4242,1,2,2,7,0,7,1,7,35,2382601
2855,1038,5,4,2,23,2,7,6,4,49,5589762
2856,1960,4,5,3,39,3,8,8,1,46,5723658
2857,1587,2,3,3,37,0,2,9,7,21,2175117
2858,2930,4,2,3,40,3,6,1,10,6,3760915
2859,1967,3,5,2,22,2,3,5,5,20,3990414
2860,1156,1,5,1,32,0,7,4,3,39,2996352
2861,3860,5,3,2,17,0,8,7,6,18,5565413
2862,872,1,3,3,26,3,9,2,3,41,2600595
2863,1598,2,5,3,5,2,7,1,7,24,3844292
2864,3522,1,4,3,17,3,9,6,8,33,4045685
2865,4112,3,5,3,3,1,3,2,2,48,4774874
2866,3097,6,4,3,18,1,8,1,2,3,6338365
2867,843,5,4,2,20,2,8,8,9,28,5680478
2868,4519,1,3,3,7,1,10,2,9,23,3259436
2869,1394,1,4,1,17,3,2,8,4,20,3011581
2870,2914,2,4,2,12,2,6,8,6,17,4431133
2871,3361,2,5,1,20,1,3,1,4,33,3462718
2872,4782,4,4,2,4,2,7,10,4,34,6324654
2873,3884,3,4,2,21,1,3,6,8,7,3791005
2874,4239,6,1,1,18,2,5,2,1,11,5035280
2875,1446,1,4,3,40,1,1,3,9,35,1493852
2876,2825,6,3,1,39,1,5,7,5,9,5775605
2877,1063,2,1,2,38,2,1,7,4,37,1766308
2878,4491,3,3,1,21,3,6,2,8,4,4413646
2879,1739,2,4,1,16,2,4,7,8,2,3644520
2880,1691,2,3,2,23,0,5,3,6,50,2355900
2881,4755,4,1,1,21,3,1,3,6,22,3404293
2882,2880,5,3,2,26,3,4,10,9,12,5241487
2883,971,4,2,2,39,3,1,7,6,40,3334729
2884,1369,6,2,1,24,2,5,5,1,12,5446156
2885,3738,4,3,1,15,3,6,9,3,48,5606380
2886,4726,6,4,2,2,3,9,4,7,15,7244579
2887,3120,5,5,3,16,2,6,1,9,13,5585858
2888,4291,3,5,2,5,2,1,7,3,38,5033415
2889,2308,5,4,3,4,0,10,5,6,3,6040505
2890,1566,1,2,1,21,0,9,3,1,33,2449751
2891,1787,3,1,2,40,2,4,9,1,6,3460682
2892,1557,4,5,3,17,1,2,4,10,40,4412291
2893,4852,3,4,3,22,2,9,5,7,43,4947830
2894,2025,2,5,1,19,0,2,8,9,30,3130832
2895,1265,4,1,2,16,3,4,3,1,21,3744306
2896,4679,1,5,3,24,2,10,8,7,44,4498128
2897,1156,1,1,3,18,1,6,1,7,20,1628940
2898,4010,3,5,1,32,2,10,5,8,48,4933770
2899,2936,5,2,3,23,2,9,10,6,23,5599858
2900,3325,5,5,2,33,0,10,4,5,16,6193323
2901,1979,1,3,2,4,1,4,9,3,19,3248319
2902,3687,1,5,3,4,1,7,7,2,7,4163545
2903,3888,2,4,2,34,3,10,10,3,4,4819899
2904,4642,1,3,1,38,3,10,2,1,24,3300960
2905,4103,6,2,3,23,2,9,7,7,12,6348587
2906,1703,2,3,2,4,0,2,2,10,40,2170869
2907,4881,4,3,3,14,1,10,7,5,2,5526773
2908,3658,2,5,2,20,0,2,5,4,32,3407794
2909,4654,2,1,1,1,1,8,7,8,36,3281600
2910,3259,5,1,3,30,1,9,9,8,5,4826460
2911,3255,1,5,1,24,0,6,10,1,37,3955218
2912,4819,1,5,3,7,0,4,7,10,9,3533534
2913,2769,1,3,3,5,1,10,8,8,17,3644905
2914,2877,3,3,3,24,3,3,6,9,18,4022183
2915,3750,2,3,2,37,1,8,2,4,31,3219002
2916,2492,3,1,3,17,2,2,4,1,41,2991414
2917,3549,1,2,2,7,1,1,1,2,37,2118542
2918,2184,4,2,1,21,0,9,6,3,5,4270656
2919,2323,2,1,1,15,3,7,4,7,4,2811139
2920,2688,6,3,1,16,0,2,4,7,41,4739726
2921,1831,3,2,3,9,1,6,8,5,26,3940967
2922,3232,6,5,1,3,0,1,7,2,50,6268909
2923,3012,3,4,2,27,3,2,8,4,31,4478212
2924,4963,6,1,1,30,0,4,7,4,32,4664723
2925,2318,6,3,3,25,0,10,2,7,50,5192102
2926,4458,6,4,3,24,2,9,4,4,48,6452580
2927,904,6,5,3,30,0,1,9,9,24,5174841
2928,2687,4,2,3,32,2,2,9,6,33,3832021
2929,3446,4,4,1,16,2,7,10,5,3,5457835
2930,1227,4,5,1,28,1,10,9,3,21,5980863
2931,1545,6,3,1,8,2,9,5,3,27,6622109
2932,1600,2,4,1,23,0,8,2,9,44,3178339
2933,2590,1,5,2,27,2,3,9,7,22,3168728
2934,3254,1,5,1,32,0,4,9,5,34,3118811
2935,2206,4,1,3,12,3,4,6,3,41,3867481
2936,2061,2,3,1,0,0,2,8,3,3,3175417
2937,831,4,5,1,23,0,5,8,10,28,4278567
2938,1113,1,4,3,12,3,6,4,8,8,3160526
2939,3354,6,3,1,38,0,9,2,7,13,5152629
2940,4328,6,2,3,16,0,10,9,1,6,6380211
2941,3317,4,5,2,29,3,5,5,8,25,5509807
2942,2516,2,3,1,32,0,8,8,2,2,3691672
2943,4966,2,3,1,18,2,7,8,9,18,3761091
2944,3354,6,2,3,28,3,6,7,5,31,5842444
2945,2812,1,1,3,1,2,2,2,2,23,2175674
2946,2493,5,1,3,9,2,7,2,8,13,4718269
2947,2740,2,3,2,37,0,8,5,6,23,3080294
2948,1847,1,1,2,39,1,3,1,6,2,1140916
2949,1954,5,5,3,10,1,7,4,7,40,5755932
2950,4053,4,3,1,23,0,9,9,7,40,5112773
2951,1421,3,3,3,15,1,5,7,1,11,3898556
2952,3141,6,1,2,18,0,5,1,5,29,4445324
2953,3007,1,2,3,11,1,5,10,10,29,2536362
2954,4861,1,2,1,21,0,3,3,8,8,1847962
2955,1204,3,3,1,10,2,5,7,1,12,4491472
2956,3099,2,5,3,15,1,2,1,7,6,3102844
2957,4808,6,4,3,39,1,7,1,8,39,5505595
2958,2406,2,1,3,1,1,6,10,9,29,3166412
2959,3924,1,1,1,33,0,4,8,2,29,1603749
2960,2151,1,3,2,8,1,5,8,1,33,3080702
2961,1690,3,2,2,26,3,8,1,3,9,3505213
2962,2216,1,4,3,10,0,4,1,5,28,2206548
2963,2272,1,4,1,0,1,4,1,9,22,2559160
2964,2650,4,5,2,31,2,1,10,8,17,4667030
2965,1663,6,2,2,23,2,3,8,6,17,5310657
2966,1928,4,3,3,19,3,10,1,8,43,4909325
2967,3223,4,4,3,5,2,9,6,9,39,5682306
2968,3146,4,4,1,2,1,2,4,2,36,4559447
2969,1423,4,1,2,6,2,4,1,1,23,3828327
2970,4600,3,1,2,24,1,9,3,6,35,3537631
2971,1828,2,3,1,30,1,9,6,6,47,3457068
2972,1023,4,1,3,24,0,2,8,6,19,3154165
2973,3940,4,4,2,8,0,1,3,1,27,4206403
2974,3002,4,4,2,17,0,4,10,4,50,4927862
2975,1458,1,5,3,11,1,3,1,10,9,2498911
2976,1821,3,4,2,36,2,8,5,4,19,4480904
2977,2222,6,3,1,40,0,2,3,8,24,4063643
2978,3384,2,5,3,35,1,8,8,4,42,4476839
2979,1505,2,4,3,34,1,4,3,8,34,2556252
2980,3280,1,3,1,8,1,1,9,9,44,2137273
2981,1891,5,1,2,12,3,4,10,3,22,5105186
2982,1932,6,1,2,6,1,1,1,8,23,3807216
2983,3134,6,4,3,10,0,5,1,3,35,5844815
2984,1912,1,5,3,1,3,4,3,3,6,3512040
2985,664,2,2,1,34,0,9,1,3,23,2497744
2986,2315,4,3,2,10,0,5,7,3,45,4751872
2987,1944,1,3,3,4,1,9,6,10,27,3269492
2988,4051,5,1,2,30,1,10,3,9,36,4268487
2989,675,3,4,3,33,2,8,6,4,14,4357442
2990,768,4,3,2,12,1,8,8,8,42,4352034
2991,3006,2,2,1,26,3,10,6,6,35,3643968
2992,2938,3,5,2,27,1,8,6,9,30,4743828
2993,2460,4,1,3,24,3,2,9,9,11,3868408
2994,1814,3,3,3,19,1,9,10,4,8,4622675
2995,2494,3,1,3,31,0,10,10,7,25,3660745
2996,1532,4,3,2,14,0,2,5,8,36,3682189
2997,3421,4,3,1,30,3,3,10,2,38,4950944
2998,2032,6,2,3,39,0,2,7,7,40,4162816
2999,4801,2,5,1,4,3,7,5,8,29,4510868
3000,4186,4,4,1,27,2,3,1,9,41,4387106
3001,1616,1,3,1,37,3,3,5,6,46,2220521
3002,3548,2,4,2,40,0,10,1,10,8,3121406
3003,4297,1,2,2,39,1,7,8,5,38,2431953
3004,2181,1,4,3,16,2,2,3,5,47,2495242
3005,3818,6,5,2,2,2,2,7,10,13,6695221
3006,2793,4,5,2,16,3,4,8,6,8,5534600
3007,692,5,1,1,3,1,9,8,7,11,4692294
3008,2873,1,4,3,2,2,10,10,6,46,4154157
3009,3053,4,2,1,32,2,5,3,3,49,3988190
3010,1655,3,5,1,35,2,4,9,6,32,4516158
3011,3233,3,4,1,34,1,8,1,8,20,4164160
3012,4277,2,5,2,4,2,5,7,6,41,4788386
3013,1622,1,2,3,26,2,2,4,5,21,1785833
3014,2768,1,4,1,18,2,1,2,8,9,2201735
3015,611,5,4,2,22,1,9,4,5,23,5372998
3016,2448,1,2,1,22,0,7,3,6,18,1877429
3017,917,1,3,2,8,2,4,10,4,16,3154718
3018,3950,2,5,3,7,2,2,6,8,46,4084958
3019,1510,1,5,1,23,3,6,1,9,24,2804591
3020,4705,1,4,2,20,1,5,1,3,10,3239209
3021,4788,5,3,3,31,1,7,6,2,38,5772990
3022,1948,2,3,3,16,2,9,4,1,16,4109676
3023,1270,3,2,2,15,0,8,6,5,26,3707901
3024,1890,2,4,1,11,3,10,3,1,49,4483330
3025,4681,3,3,3,15,3,2,7,3,15,4236209
3026,4381,4,2,3,2,0,8,5,2,19,5076524
3027,2476,4,2,2,2,0,10,6,8,32,4668001
3028,604,2,3,3,39,3,1,10,1,13,3153357
3029,1103,6,4,3,7,0,8,7,10,11,6082641
3030,4832,3,1,3,7,0,7,1,4,46,3192419
3031,4288,5,4,1,30,3,3,8,9,14,5304112
3032,2969,2,4,1,16,0,6,6,5,35,3620856
3033,3199,2,3,1,9,1,7,5,2,20,3892037
3034,2731,3,3,2,22,3,9,6,3,11,4848393
3035,3291,5,4,2,24,2,9,8,3,42,6158563
3036,4604,4,5,3,23,2,5,4,7,42,5318624
3037,4980,5,4,2,30,1,3,10,10,18,5419849
3038,1745,6,3,2,2,2,2,7,10,32,5555979
3039,3955,1,1,1,38,2,1,10,6,49,1578435
3040,4780,4,4,3,40,3,3,9,2,41,5047924
3041,723,2,2,3,26,2,7,6,1,7,3131291
3042,3779,6,1,3,25,3,4,2,1,34,4844288
3043,2769,1,5,1,33,0,9,10,9,39,3634305
3044,4742,3,2,3,19,2,2,1,2,34,3335008
3045,898,5,4,1,22,2,10,1,7,20,5415137
3046,2602,3,5,1,4,3,5,10,3,35,5810105
3047,4257,4,1,2,6,0,1,10,5,38,3516351
3048,1892,4,3,2,36,0,3,1,10,17,3322430
3049,1919,3,4,1,31,2,5,10,5,4,4631513
3050,3402,6,2,3,34,3,9,9,3,8,6493910
3051,1568,4,4,1,18,2,6,7,6,22,4723211
3052,703,4,1,1,18,0,10,6,4,5,3819418
3053,2257,6,3,1,20,1,1,3,7,47,4662039
3054,1004,3,4,2,23,0,1,5,2,18,3268234
3055,2016,1,3,3,35,0,7,7,9,47,1945063
3056,4572,1,5,1,23,3,5,9,9,25,4101588
3057,4509,5,4,3,13,3,5,8,5,50,6153822
3058,2823,4,4,2,23,2,1,6,8,42,3966433
3059,3786,4,5,1,9,3,8,6,10,37,5903997
3060,1659,4,1,2,13,2,6,8,5,25,4082067
3061,2051,4,1,3,0,3,4,2,3,19,3872065
3062,1025,4,4,3,16,0,4,4,9,18,3979556
3063,4104,4,5,2,38,2,4,7,3,43,5410296
3064,1277,6,2,1,11,3,1,7,4,19,5511613
3065,3013,3,3,3,9,1,8,4,10,20,4214658
3066,3955,1,2,2,36,2,3,7,2,4,2211622
3067,4626,5,2,2,32,2,2,4,9,15,3979514
3068,609,6,4,2,25,0,7,5,3,28,5614047
3069,2885,3,4,1,6,3,7,8,5,4,5139240
3070,2922,5,3,3,25,0,10,7,6,37,5383155
3071,3315,3,4,2,15,1,8,5,7,18,4721530
3072,4356,3,4,2,16,2,1,6,10,21,3755486
3073,4582,2,1,2,40,0,9,8,2,49,3062276
3074,3437,4,4,2,13,0,2,4,1,49,4688398
3075,3526,1,5,2,33,0,6,10,3,37,3471565
3076,4548,4,4,1,24,2,8,7,10,1,5182825
3077,2463,2,3,1,30,2,10,3,5,31,3785290
3078,3501,1,1,3,3,3,6,4,6,49,2571027
3079,792,1,2,1,9,3,8,1,10,20,2432259
3080,4198,6,4,2,20,2,10,10,4,33,7506190
3081,1596,1,1,2,21,1,1,2,1,43,957497
3082,1205,5,3,2,33,0,7,8,7,21,4556685
3083,3358,2,1,1,27,0,2,6,7,38,2079496
3084,1585,6,2,3,38,3,3,5,9,27,4585685
3085,2057,2,3,1,1,1,3,6,6,22,3066873
3086,4313,4,3,1,15,0,10,5,10,8,4935991
3087,3436,6,4,3,17,1,6,3,9,44,5457212
3088,4669,6,3,2,27,2,8,7,7,34,6400996
3089,4410,1,4,2,30,3,8,1,1,48,3616733
3090,3470,5,2,2,22,1,1,3,10,33,3927542
3091,1472,5,5,2,0,0,1,4,10,7,4925476
3092,1817,4,1,2,1,2,4,6,9,20,3538776
3093,1882,3,1,2,12,3,2,10,1,35,3730353
3094,1945,3,5,3,23,1,7,1,9,19,3805657
3095,816,2,2,3,32,0,8,3,7,37,2291049
3096,3440,2,4,2,12,3,9,5,6,25,4284035
3097,1592,4,3,2,27,1,7,9,7,48,4748206
3098,3805,3,1,3,10,1,2,4,6,14,2750811
3099,1884,2,5,3,33,3,6,5,9,18,3723468
3100,2181,6,3,2,15,1,3,6,5,4,5226943
3101,4782,3,4,2,13,3,3,7,6,17,4920883
3102,3940,6,3,1,38,0,6,2,2,44,5484786
3103,1108,4,5,3,14,0,7,6,10,31,4597635
3104,4685,3,3,1,32,2,8,2,6,44,3998406
3105,4483,4,5,2,39,1,9,2,10,4,4906798
3106,4578,1,2,2,40,2,8,10,3,42,3316925
3107,3185,5,5,1,0,1,4,3,4,31,5686207
3108,858,5,4,2,8,3,1,3,5,16,4889874
3109,4337,5,3,3,34,2,3,5,5,31,5024053
3110,3694,6,1,1,0,1,7,7,2,10,5866420
3111,2178,2,2,3,16,0,1,1,8,30,1783614
3112,2214,4,1,1,8,2,4,9,7,48,4139646
3113,4860,4,5,1,1,0,10,10,4,6,6843855
3114,3616,4,5,2,23,0,8,5,9,11,5059743
3115,4617,3,3,2,20,2,10,10,8,18,5061436
3116,3575,5,2,1,16,1,6,3,5,36,4869079
3117,1490,3,3,1,6,3,3,7,4,25,4265511
3118,4499,4,5,1,13,0,3,9,2,20,5471037
3119,3289,2,4,2,21,2,8,9,2,15,4336810
3120,2489,4,3,2,37,1,7,5,7,49,3908028
3121,3275,4,1,2,40,1,9,3,8,27,3661426
3122,3341,2,5,2,24,0,3,6,1,42,3583782
3123,2028,5,4,1,36,0,2,1,1,36,4132673
3124,1546,6,4,2,15,3,2,9,8,8,6266575
3125,3803,4,1,1,24,3,6,2,9,47,3780982
3126,4774,6,3,2,21,3,7,1,7,18,6240100
3127,2955,3,4,2,14,1,1,1,6,34,3525316
3128,2200,5,2,1,10,3,10,1,4,14,5412383
3129,4440,5,1,3,27,0,1,9,7,24,3977465
3130,4466,2,1,2,15,2,1,1,7,27,1975679
3131,1243,2,3,2,9,1,1,10,2,3,3255016
3132,3327,1,2,1,7,2,7,2,4,10,2979451
3133,4135,5,5,2,39,1,6,7,8,7,5622744
3134,3313,2,3,1,21,2,3,9,8,21,3313289
3135,1294,4,5,2,23,0,9,3,6,3,4876046
3136,1827,2,2,1,40,0,10,10,2,34,3421070
3137,638,6,1,2,27,0,1,6,1,13,3952044
3138,1433,3,1,1,30,0,1,10,6,14,2166842
3139,3345,4,4,2,11,0,3,5,1,21,4796772
3140,1473,4,1,1,14,3,3,9,5,1,4376159
3141,2757,3,4,2,13,2,3,3,1,13,4166959
3142,1801,2,3,2,36,2,6,1,2,12,2786483
3143,3142,2,1,2,9,2,3,8,10,39,2506177
3144,3144,3,4,1,19,3,5,8,4,16,5002127
3145,778,3,2,2,24,0,3,6,9,48,2204250
3146,2191,6,1,1,36,0,4,6,3,41,4440936
3147,4569,2,2,1,24,2,6,7,4,8,3553503
3148,4885,2,5,3,37,0,4,9,4,50,3863353
3149,3913,6,2,2,31,2,1,9,9,6,4921579
3150,3409,4,5,1,15,2,6,2,6,23,5476240
3151,4072,2,4,1,33,2,4,2,6,13,3455634
3152,3476,2,3,3,27,0,9,8,7,22,3857023
3153,2297,3,5,3,34,1,9,8,7,2,4599847
3154,3901,1,1,3,14,2,3,2,4,28,1876992
3155,2427,3,4,1,22,2,10,10,2,1,5223333
3156,4821,4,2,1,28,0,5,4,8,31,3790642
3157,3719,3,3,1,5,3,6,8,7,19,4712623
3158,2744,3,1,2,8,2,5,6,4,34,3291743
3159,2175,3,4,1,39,0,8,1,2,4,3786130
3160,4800,1,5,1,28,1,9,10,5,47,4350492
3161,3735,3,2,1,24,3,7,6,5,9,4447796
3162,4198,6,4,1,17,2,1,10,5,50,5886619
3163,4479,3,1,1,0,0,1,7,4,25,3417507
3164,4191,4,3,2,32,2,4,10,10,22,4349908
3165,2850,1,2,2,25,3,9,8,3,2,3397221
3166,1281,4,2,2,36,0,1,1,4,28,2482648
3167,3929,1,4,2,14,3,10,7,5,12,4518523
3168,2854,3,4,1,37,2,8,10,6,28,4789061
3169,1651,2,1,2,2,0,2,1,5,45,1591242
3170,2186,4,3,1,7,2,7,7,3,34,4868012
3171,2934,1,4,2,38,1,6,7,5,41,3104667
3172,4894,2,5,3,38,1,9,9,9,11,4253025
3173,2493,5,1,2,18,3,8,10,7,21,5325078
3174,3740,5,5,3,24,1,7,2,10,32,5419061
3175,4017,5,4,1,3,1,1,4,5,11,5198909
3176,4695,2,3,2,28,0,2,4,4,9,2741469
3177,2655,6,2,3,11,0,3,9,6,49,5106781
3178,1614,6,2,3,17,2,1,3,7,19,4470288
3179,1536,1,2,3,21,1,4,6,4,34,2122791
3180,4569,2,1,3,29,3,6,8,9,12,2951759
3181,4565,1,1,1,24,3,5,2,7,11,2344000
3182,1627,6,2,2,2,1,2,5,2,30,5170712
3183,1664,4,3,3,14,3,7,9,3,27,5054710
3184,4646,6,2,3,19,3,10,10,6,37,6929619
3185,3908,5,4,2,13,1,8,5,3,20,5778546
3186,4100,3,1,1,4,1,8,9,3,8,4082583
3187,4454,3,2,2,21,2,2,8,8,33,3749611
3188,4760,2,2,2,28,3,3,5,7,36,3047730
3189,2012,4,1,1,2,2,6,10,4,47,4416076
3190,3055,4,3,1,5,3,1,6,7,20,4559639
3191,2950,4,3,1,37,2,3,9,5,33,4171561
3192,3301,2,3,2,0,0,6,2,2,24,3619977
3193,3509,1,4,2,30,2,3,8,8,47,2602114
3194,4692,3,1,1,38,0,7,4,10,33,2687914
3195,3000,2,4,3,5,3,5,4,8,26,4159535
3196,3065,1,2,1,2,2,3,2,7,44,1930555
3197,3593,2,1,2,5,2,1,1,1,1,2484158
3198,4097,2,1,2,11,3,3,9,5,22,3104514
3199,1149,3,1,3,29,3,10,2,7,4,3559557
3200,1280,5,3,2,32,2,10,7,3,40,5839140
3201,3900,2,4,2,16,2,7,6,10,22,4081466
3202,3832,1,4,1,31,0,2,7,10,30,2447955
3203,2513,6,5,2,5,1,7,7,8,40,6383060
3204,1080,4,1,2,39,0,1,2,7,39,2172165
3205,4841,5,2,3,7,0,5,10,8,20,5371025
3206,3452,6,2,3,22,2,5,4,7,45,5479387
3207,4057,2,1,3,30,3,5,9,7,1,3091153
3208,2687,6,4,1,2,1,10,9,1,20,7385721
3209,2845,6,5,1,9,1,7,1,6,15,6397885
3210,3665,2,3,3,21,2,5,10,3,28,3885823
3211,2181,1,5,3,11,3,8,7,5,1,4365417
3212,2348,4,3,3,26,2,10,9,4,38,5311464
3213,4272,3,2,2,35,2,5,1,5,8,3377983
3214,707,3,1,3,3,1,4,1,5,36,2366411
3215,3208,3,2,1,17,3,5,1,10,20,3355359
3216,1847,3,2,1,2,2,7,5,6,13,3923644
3217,1623,4,5,1,14,3,2,8,10,23,5127376
3218,1152,5,2,2,4,1,2,3,10,2,3899056
3219,1295,5,2,1,18,3,4,6,10,9,4467358
3220,1346,2,5,1,39,0,6,9,1,47,3893605
3221,1644,4,4,3,15,3,7,8,6,4,5594821
3222,1043,1,4,3,15,3,1,2,8,13,2064874
3223,1048,2,5,2,25,3,3,7,3,33,3750485
3224,1060,5,5,3,4,3,2,4,3,48,5811404
3225,1483,3,3,1,13,2,1,10,7,23,3482163
3226,2180,1,4,1,35,1,3,10,3,28,2566476
3227,809,4,1,3,0,0,8,3,6,5,3804689
3228,4071,5,5,1,23,0,7,8,8,11,6254284
3229,712,6,3,2,16,3,1,10,4,28,5655816
3230,4272,1,2,2,12,2,7,2,7,35,2585596
3231,4861,1,3,2,13,1,5,10,6,46,3239915
3232,3756,3,1,2,40,1,1,8,6,15,2804967
3233,1845,2,5,1,0,2,4,3,5,33,3868928
3234,4056,3,4,3,31,2,4,7,5,31,4394421
3235,1576,2,4,2,8,1,5,1,7,45,2815461
3236,4883,1,4,3,12,2,8,1,8,17,3166745
3237,1268,2,3,2,2,1,5,7,6,47,3238617
3238,1468,2,4,1,6,2,5,5,7,17,3446902
3239,2086,6,2,2,33,3,10,8,9,43,5737976
3240,695,3,3,1,38,1,3,10,8,10,3244040
3241,4631,1,5,2,11,3,5,7,5,8,4237473
3242,1887,3,4,1,4,0,10,7,4,34,4970696
3243,4874,4,3,2,2,0,4,3,4,34,4420124
3244,2903,4,1,2,26,1,3,3,1,23,3314879
3245,3360,6,1,2,1,3,10,2,9,18,5704481
3246,3901,1,2,3,40,0,2,7,3,42,1461299
3247,1809,3,4,2,21,3,3,9,8,32,4444942
3248,983,5,2,3,4,0,3,1,4,2,4297189
3249,783,1,5,2,6,2,1,4,3,46,3106807
3250,3104,5,4,3,19,1,2,5,9,27,5001155
3251,4308,5,3,3,13,3,3,3,5,18,5243296
3252,4954,3,2,3,32,3,9,10,5,39,4661889
3253,1373,2,4,3,31,2,6,2,4,32,3350338
3254,1771,2,4,3,24,2,1,2,10,31,2782810
3255,881,1,1,2,8,0,6,7,3,49,1889832
3256,3679,3,4,2,7,3,5,3,3,6,4520766
3257,4218,1,2,1,25,0,8,1,5,14,2300051
3258,1583,2,5,2,22,1,9,6,4,37,4101323
3259,4556,4,2,1,30,1,3,7,9,9,4026059
3260,2373,1,5,2,9,0,6,2,6,7,3064297
3261,1157,2,4,3,22,1,9,8,9,14,3624340
3262,3729,1,2,3,19,2,2,7,1,38,2313679
3263,4242,4,5,2,6,0,4,2,3,27,5168829
3264,4820,3,3,2,39,2,7,7,1,13,4426034
3265,3709,6,5,3,19,0,4,9,6,29,6063016
3266,4844,3,2,1,29,0,8,7,2,11,3801310
3267,2327,4,2,2,12,3,10,2,1,44,4910757
3268,2113,3,2,3,23,2,8,9,10,16,3940913
3269,4512,5,1,1,11,2,6,6,3,14,5207040
3270,1229,2,1,3,28,1,3,5,8,48,1983315
3271,1696,6,2,1,14,2,6,6,3,3,5494398
3272,4410,6,1,1,38,1,7,5,9,21,4894607
3273,4998,1,2,3,39,0,2,9,4,43,2236433
3274,4569,6,4,2,22,3,2,7,4,36,6031012
3275,2351,6,1,1,2,3,4,2,5,28,5199737
3276,1688,1,5,2,10,2,10,4,5,49,3928650
3277,2894,3,1,3,39,3,4,7,10,9,2738778
3278,4979,4,4,1,30,3,8,8,8,18,5594732
3279,1671,5,1,3,4,2,7,1,10,16,4140489
3280,3007,6,1,1,12,2,6,5,1,49,5587894
3281,4819,1,3,2,32,3,8,10,9,18,3500346
3282,4708,1,4,3,25,2,1,3,5,3,2707200
3283,1115,2,5,3,23,2,8,4,8,20,3766072
3284,3228,4,4,2,2,3,6,10,7,33,5859276
3285,2576,1,5,3,34,3,7,6,5,40,3822153
3286,3537,1,2,3,1,0,1,6,10,8,1955301
3287,1644,4,4,3,17,2,1,3,1,2,4247010
3288,937,3,3,3,10,2,5,2,4,15,3605541
3289,4364,6,5,1,6,3,10,1,8,11,7068847
3290,931,1,1,3,36,2,4,9,9,17,1517624
3291,829,5,1,3,39,3,3,1,3,5,3882872
3292,1316,3,1,3,6,2,2,1,2,44,2488549
3293,4129,4,2,3,8,2,3,10,8,38,4704597
3294,809,2,5,2,28,2,10,10,4,38,4586488
3295,4496,2,2,1,30,2,6,10,2,29,3737058
3296,855,5,1,2,4,3,8,5,8,2,4824965
3297,2460,4,5,2,24,3,6,5,3,47,5469300
3298,4346,6,4,1,32,1,1,6,7,43,5226626
3299,2398,4,1,3,12,3,3,5,4,39,4014554
3300,1902,1,4,2,34,3,5,9,5,50,3095481
3301,3953,6,1,2,11,1,7,6,1,36,5628918
3302,1825,5,4,1,20,0,2,5,1,6,5097122
3303,2139,3,4,3,12,2,6,6,5,3,4893325
3304,1275,6,4,2,26,2,3,2,3,29,5262156
3305,3259,2,4,1,15,1,9,2,5,14,3837356
3306,4280,6,1,3,13,2,6,10,6,48,5823460
3307,2033,4,2,3,37,1,3,2,7,34,3270797
3308,2581,1,5,2,16,0,4,3,10,21,2398012
3309,1875,4,3,1,4,3,4,10,8,27,4712938
3310,4698,1,5,3,32,3,10,10,3,36,4870789
3311,2033,2,2,1,32,1,4,6,3,15,2429059
3312,1694,6,4,2,12,2,10,1,4,50,6089295
3313,1144,4,1,2,21,2,1,1,4,17,2931675
3314,4223,6,4,1,38,3,6,7,6,44,6410210
3315,2528,5,4,2,32,2,9,6,10,34,5816108
3316,654,1,3,1,0,3,5,6,8,1,2966111
3317,1019,2,1,3,40,3,8,9,5,26,3248118
3318,4105,6,5,1,40,2,1,2,1,8,5751866
3319,2839,1,4,3,9,0,7,4,1,37,3293327
3320,867,2,4,1,24,1,1,2,10,47,2027929
3321,3991,6,1,3,26,3,8,10,2,48,5918333
3322,3205,3,3,3,20,2,10,4,4,46,4390509
3323,731,2,4,2,7,3,10,6,3,4,4816544
3324,1817,3,1,2,36,3,5,8,10,45,3176012
3325,1677,1,3,2,34,0,7,1,10,32,1543730
3326,4503,1,2,3,37,0,4,9,10,21,1882544
3327,4392,3,1,3,6,2,4,5,7,9,3437549
3328,3522,5,3,2,2,2,6,7,4,30,5632574
3329,4434,2,3,2,0,1,6,1,3,7,3452207
3330,4751,4,2,3,5,1,8,4,10,15,4750391
3331,4758,4,4,2,13,3,6,5,4,35,5405483
3332,1061,3,5,3,30,1,9,9,5,34,5045039
3333,1263,3,3,3,28,3,2,2,9,37,3004762
3334,2599,2,2,1,22,3,6,10,7,39,3521419
3335,3949,4,1,1,40,1,9,4,3,10,4265463
3336,1622,3,4,2,8,3,3,7,9,50,4142133
3337,3420,3,5,2,24,2,3,3,5,47,4203253
3338,1040,6,2,2,24,3,4,4,1,18,5445712
3339,2463,2,4,3,33,0,5,6,6,8,3020991
3340,4571,4,3,2,14,2,5,2,4,30,4624744
3341,1196,6,4,1,27,2,3,5,8,32,5324082
3342,3987,5,1,1,8,3,8,1,5,40,4817723
3343,2948,5,4,2,10,0,8,5,7,47,5650768
3344,2741,4,2,3,37,2,5,3,1,11,4063634
3345,3608,6,3,1,40,1,8,5,3,26,6068799
3346,4378,1,3,3,40,1,9,10,9,28,3167521
3347,3021,3,4,2,21,0,6,1,6,35,3619468
3348,1174,1,1,3,11,1,4,8,2,16,1988651
3349,3216,1,3,1,18,3,3,7,4,42,3092125
3350,3165,2,3,3,30,3,9,8,5,13,3955079
3351,3303,3,4,3,0,3,3,3,10,10,3978958
3352,4505,6,2,2,39,1,7,5,3,49,5164112
3353,2881,6,5,1,36,2,1,10,6,29,5830781
3354,2295,6,3,3,36,3,7,6,8,43,5633483
3355,1700,5,5,3,26,1,8,2,3,20,5604089
3356,2407,6,2,1,21,1,6,1,1,17,5291283
3357,914,3,4,3,2,3,4,7,1,31,4984185
3358,3538,1,5,2,3,0,9,2,8,49,3214585
3359,4036,1,5,3,38,3,4,4,6,10,3414768
3360,4226,2,1,3,24,0,7,6,9,22,2616885
3361,4789,5,3,3,9,2,3,1,4,8,5093684
3362,4027,6,1,3,22,1,1,2,1,40,4472967
3363,1845,5,3,2,40,2,3,4,8,32,4281828
3364,609,6,2,1,31,3,1,3,1,45,4527252
3365,3195,3,5,1,0,0,9,5,3,1,5494767
3366,798,1,2,2,26,2,1,7,2,36,2001871
3367,4222,4,3,1,25,0,10,10,1,47,5406756
3368,2586,1,1,1,4,3,5,8,6,17,2553806
3369,966,1,3,1,34,2,10,7,10,42,2577688
3370,3921,1,1,2,15,3,10,3,8,5,2656306
3371,4168,4,4,1,34,0,10,1,4,14,4645336
3372,2001,3,3,2,29,3,9,2,1,19,4636247
3373,1689,1,5,2,19,3,6,5,4,29,3578220
3374,1497,1,5,2,0,0,8,10,7,8,3665394
3375,1380,5,1,3,37,3,8,7,1,20,5069129
3376,3585,3,3,2,13,3,5,8,4,16,4748505
3377,2755,3,2,2,32,2,10,2,10,27,3381496
3378,1123,6,2,3,37,1,7,8,6,36,4852191
3379,1991,1,5,3,12,3,5,10,5,44,4084488
3380,3872,6,5,2,3,1,10,2,9,28,6740378
3381,1253,4,3,3,10,1,6,6,10,20,4090264
3382,1363,5,5,1,7,3,3,4,2,2,6040518
3383,4851,6,1,3,3,1,7,3,8,10,5620908
3384,4963,2,1,2,0,0,6,6,10,3,2916519
3385,3566,1,1,1,5,1,1,8,3,24,2299868
3386,2718,2,2,1,18,0,9,5,2,23,3070124
3387,3010,1,1,3,23,1,10,5,8,1,2392032
3388,4928,2,5,1,33,3,10,6,9,47,4466092
3389,1584,4,4,2,40,1,9,9,10,15,4728034
3390,3067,6,2,1,7,3,8,3,2,32,6066214
3391,1680,5,3,1,29,3,3,2,10,48,4123366
3392,4282,6,3,2,18,0,3,5,8,13,4976159
3393,1236,5,4,3,40,3,9,5,5,39,5764020
3394,4875,6,1,2,37,3,6,2,3,30,5417678
3395,634,5,1,3,20,2,10,2,2,6,4664926
3396,933,2,2,2,3,0,10,5,10,9,2753643
3397,2436,1,4,2,26,0,2,8,4,2,2868977
3398,3513,5,3,1,16,1,5,6,3,50,5228127
3399,2581,1,5,2,35,1,2,4,3,41,2601939
3400,4103,3,2,3,12,0,4,10,3,15,3982637
3401,4514,1,5,3,6,2,6,9,10,29,4034734
3402,3425,5,3,3,39,3,7,5,8,7,5307589
3403,1387,5,2,2,14,0,9,4,1,14,5217460
3404,1955,5,3,2,33,0,9,4,6,47,4785011
3405,2001,5,5,2,23,2,8,3,6,48,5616789
3406,1259,1,4,2,1,3,4,5,6,37,3141419
3407,3506,6,5,2,36,2,2,4,6,46,5765385
3408,798,1,5,1,14,1,7,4,2,19,3515043
3409,4956,3,1,2,15,3,3,5,8,42,3460055
3410,4922,6,2,2,11,3,5,1,10,14,5410008
3411,4319,3,2,1,27,2,5,6,7,47,3557923
3412,1194,2,1,3,12,1,4,7,4,13,2434838
3413,2253,1,1,3,19,1,5,5,3,44,2125240
3414,1261,5,3,1,39,0,2,5,8,5,4087440
3415,2958,2,5,1,34,3,6,7,7,6,3981749
3416,853,1,3,1,27,0,10,10,10,36,2573796
3417,4768,3,3,2,18,2,2,10,1,44,4139228
3418,1792,4,5,3,23,3,3,3,1,6,5347662
3419,4973,6,5,2,36,3,6,9,10,5,7055974
3420,825,6,5,1,37,2,8,2,9,15,5695160
3421,1571,1,4,2,40,3,6,9,10,36,2982278
3422,2481,6,2,2,4,0,5,10,10,50,5526570
3423,729,5,1,1,10,0,4,8,10,19,3758416
3424,2486,2,5,1,6,2,5,4,10,37,3842338
3425,1464,2,5,3,21,1,6,9,8,23,3707468
3426,1473,5,3,3,32,1,7,5,1,32,5123676
3427,649,6,2,3,32,0,4,5,6,28,4659007
3428,2904,6,2,3,33,2,4,3,3,20,5036852
3429,2021,3,2,3,20,3,1,1,10,21,2514669
3430,1753,3,5,2,19,3,2,1,6,7,3854655
3431,3189,3,4,2,12,3,8,6,3,14,5506350
3432,1667,4,5,3,12,0,2,10,3,47,4870338
3433,1256,6,3,1,4,2,3,9,4,42,5595045
3434,1418,2,4,1,6,0,10,8,2,18,4644164
3435,2235,6,3,3,11,0,2,7,4,13,5215907
3436,1151,2,5,3,3,0,1,5,9,44,2748772
3437,3730,2,4,1,8,3,10,8,2,40,5338763
3438,934,1,5,1,1,0,3,10,6,15,3222721
3439,1812,3,2,1,40,1,9,7,7,18,3490965
3440,2076,4,3,3,37,2,4,6,4,37,4381097
3441,2402,5,5,1,4,2,8,6,6,1,6296466
3442,4536,6,3,1,13,0,8,3,1,3,6321826
3443,3734,4,3,3,36,1,5,1,8,36,3510672
3444,725,3,2,2,3,3,1,4,3,33,3169894
3445,1058,1,1,2,11,1,2,7,3,32,1779723
3446,1358,5,1,3,15,2,5,5,6,24,4118259
3447,2806,3,2,3,3,3,4,4,7,9,3700674
3448,4984,6,1,3,4,1,6,6,2,49,5537763
3449,2200,5,4,2,26,2,10,8,4,12,6181771
3450,4077,5,5,3,10,0,5,2,2,29,5803364
3451,4043,1,4,3,11,2,10,7,9,45,4159389
3452,3608,3,4,2,2,0,1,8,6,48,3776156
3453,1783,5,2,2,35,2,6,1,8,9,4034061
3454,3368,2,5,3,1,2,8,6,2,32,4956148
3455,1037,1,1,3,23,2,1,9,10,17,1196802
3456,2942,4,3,2,14,1,4,3,2,35,4034397
3457,638,6,4,1,2,0,2,5,10,2,4926401
3458,2589,3,2,1,8,3,4,2,9,43,3399199
3459,1177,6,2,1,21,0,3,10,7,9,4914995
3460,4954,4,5,2,15,1,4,1,8,5,4775254
3461,764,6,3,3,2,3,8,6,8,36,6258437
3462,2974,6,2,1,20,3,3,3,9,40,5013070
3463,4616,2,3,1,25,0,7,4,7,18,2938675
3464,1945,2,4,3,18,0,3,6,4,6,3411224
3465,2887,5,5,1,27,3,8,9,8,11,6213833
3466,2344,1,2,2,1,2,1,4,3,7,1995980
3467,3549,3,1,1,32,2,7,8,2,9,4034559
3468,4128,1,4,2,40,2,3,2,4,6,2715789
3469,4472,5,3,3,11,2,4,8,3,21,5450254
3470,1539,6,5,1,27,2,10,5,4,23,6629783
3471,2529,6,3,3,20,3,1,2,4,33,5039603
3472,3342,6,3,2,21,2,1,3,1,9,5236555
3473,4848,5,1,1,25,1,1,6,2,5,4385275
3474,4479,5,3,2,2,1,5,5,6,4,5327642
3475,3047,6,1,1,18,3,10,7,4,28,5828436
3476,3486,6,2,2,19,1,9,3,6,13,5638887
3477,2461,1,4,1,0,2,3,9,6,33,3184909
3478,1132,4,3,1,5,1,10,7,8,26,4977115
3479,777,5,5,2,23,1,4,3,3,16,5372263
3480,4156,4,1,3,9,0,6,7,3,9,4135501
3481,623,6,2,3,18,1,5,5,3,4,5205511
3482,3076,3,1,1,7,3,10,7,10,47,4052272
3483,2880,2,3,2,16,2,4,9,7,10,3756385
3484,2682,4,4,1,33,0,8,6,10,7,4511259
3485,2095,4,5,3,21,2,7,6,1,27,5401349
3486,808,5,4,2,23,2,5,1,10,24,4492802
3487,759,3,4,3,40,3,2,6,3,30,3514428
3488,4046,1,4,2,36,2,1,4,9,46,2256486
3489,2766,2,5,2,14,3,7,2,5,15,4463020
3490,920,3,3,2,8,1,9,6,1,35,4642229
3491,4231,4,5,1,29,2,10,3,8,40,5433231
3492,3619,3,1,2,33,2,7,5,5,38,3520785
3493,2512,2,1,2,27,2,9,7,1,11,3380818
3494,1629,2,2,1,1,3,7,3,8,22,3266648
3495,917,1,4,3,22,3,2,2,9,21,2020106
3496,3193,5,1,2,4,0,2,5,1,41,4041610
3497,3807,2,2,2,39,1,10,2,4,32,2797434
3498,2620,2,3,2,24,2,5,9,10,10,3500197
3499,1767,4,3,1,13,1,7,9,3,46,4918164
3500,3571,3,3,2,18,3,6,4,6,47,4358191
3501,693,3,4,2,6,3,6,1,10,19,3776778
3502,2548,1,1,2,9,3,9,1,1,49,2690239
3503,1195,4,4,1,38,0,9,10,4,38,4901497
3504,3195,2,2,1,38,1,10,7,2,11,3308530
3505,3078,4,4,3,3,1,2,3,9,42,4458732
3506,3514,2,2,1,30,3,7,1,7,38,2632106
3507,3773,5,1,1,12,1,4,5,6,6,4401195
3508,4919,5,2,2,5,0,7,8,9,38,4933312
3509,1744,5,2,1,21,3,5,9,5,14,5173411
3510,4187,2,1,2,38,1,8,5,5,28,2889912
3511,2734,1,5,3,30,2,3,9,2,21,3579203
3512,2535,6,3,1,15,3,8,5,9,4,6181190
3513,908,6,4,1,36,1,8,4,8,25,5860342
3514,902,1,4,1,5,3,10,8,9,48,3923752
3515,1303,5,3,3,28,0,9,9,8,11,5300131
3516,2036,3,1,3,36,2,1,4,3,36,2129017
3517,2173,1,5,2,28,0,9,3,4,27,3309104
3518,4640,1,3,3,31,2,6,6,4,5,3325267
3519,4896,1,5,1,22,2,9,7,3,37,4334860
3520,2237,6,3,2,15,0,8,6,7,46,5862354
3521,679,2,4,2,26,0,9,4,7,31,3324235
3522,1667,1,5,3,39,3,3,10,10,10,3088375
3523,3799,2,2,1,28,1,1,8,6,27,2379982
3524,1067,3,3,3,2,2,9,4,9,48,3929088
3525,1741,6,5,3,33,0,1,2,7,50,4925222
3526,1053,6,2,1,8,2,10,7,5,18,6333017
3527,766,6,2,2,0,2,4,5,1,19,5429191
3528,871,4,2,3,21,3,6,8,10,16,4174379
3529,2848,6,3,1,18,1,2,9,9,31,5611915
3530,2912,4,3,2,4,3,6,2,9,46,4868389
3531,2723,6,2,1,12,2,1,10,7,34,5090580
3532,3234,6,1,2,18,3,6,4,8,25,5244154
3533,3138,5,5,1,11,1,8,4,5,17,6031570
3534,2716,2,1,2,37,0,8,6,8,33,2280935
3535,952,5,2,3,36,3,2,2,2,8,4119087
3536,4502,1,1,2,17,0,7,6,1,21,2760837
3537,677,1,1,1,21,2,2,4,3,34,1664477
3538,3598,5,4,2,21,1,2,1,3,42,4951253
3539,4317,1,4,1,5,2,2,2,2,29,3232603
3540,4360,3,3,1,39,3,4,9,2,26,4626239
3541,1611,6,3,3,39,2,5,3,5,37,5291191
3542,2996,6,4,3,13,1,4,3,3,25,5723088
3543,4833,1,3,2,29,2,3,4,9,21,2367854
3544,3382,5,2,2,1,2,1,5,2,22,4785903
3545,4573,5,3,1,37,0,6,7,6,24,4731073
3546,609,5,1,2,22,0,5,9,8,38,3703976
3547,4993,3,2,1,38,0,6,7,1,27,3973597
3548,1994,6,1,2,26,3,2,2,6,21,4604285
3549,1568,6,1,3,37,2,5,4,6,37,4640471
3550,2750,1,1,1,2,0,6,5,6,2,2062842
3551,1712,5,1,2,28,0,3,7,1,17,4152601
3552,3711,1,1,3,29,3,6,5,6,15,2100851
3553,2755,1,1,3,32,2,9,2,6,36,1899853
3554,829,2,3,3,30,2,2,3,1,17,2542841
3555,3963,2,3,1,3,2,5,9,5,39,3891249
3556,2553,4,5,3,20,0,7,6,6,49,5059696
3557,1799,5,4,3,4,1,10,2,7,20,5444135
3558,649,6,2,3,18,1,2,5,6,33,4477632
3559,4700,6,1,2,30,0,4,10,1,48,5240304
3560,2988,4,4,3,30,2,9,6,1,42,5304758
3561,2440,4,4,1,31,3,2,6,3,5,4544212
3562,4765,4,3,3,32,2,6,4,9,11,4700122
3563,4800,3,4,2,21,1,3,1,5,11,4000468
3564,4451,1,4,2,16,1,3,4,4,16,3020393
3565,4316,4,4,3,3,2,6,8,4,15,5998625
3566,4186,3,5,3,19,2,9,6,10,3,5324722
3567,3854,3,3,3,35,0,3,5,4,19,3518453
3568,3331,6,1,1,28,2,1,3,8,34,4164984
3569,4806,1,3,1,27,3,10,10,5,36,3896358
3570,3692,3,2,1,21,2,1,6,7,45,3310519
3571,1054,2,1,2,23,1,9,5,1,37,2898896
3572,2292,6,3,1,35,1,4,8,5,24,5348317
3573,3682,2,4,3,11,1,2,7,9,42,3352988
3574,4835,5,3,1,17,0,2,10,8,25,4863355
3575,1410,4,1,3,10,2,6,6,3,2,4438858
3576,1275,2,5,3,15,2,4,9,10,30,3970646
3577,712,2,2,1,19,1,4,4,1,36,2652669
3578,2292,2,1,3,13,1,5,6,1,46,2891564
3579,2173,4,1,1,15,2,2,9,6,35,3986163
3580,1011,3,3,2,17,1,3,1,2,28,3370608
3581,4148,1,5,1,36,0,5,10,2,43,3396321
3582,4959,3,5,3,2,3,7,4,7,17,5188192
3583,4838,4,1,1,21,2,10,3,6,18,4399387
3584,4950,3,2,1,24,0,5,1,1,31,3115857
3585,4377,5,5,2,16,2,8,9,8,21,6637023
3586,2058,3,5,2,32,1,3,2,9,20,3773922
3587,3247,2,5,1,10,2,4,4,9,28,3784231
3588,4744,5,2,2,3,3,3,1,1,17,4967896
3589,2662,5,5,3,14,0,10,2,2,16,6201633
3590,1679,6,1,3,18,2,2,9,9,8,4952208
3591,3588,2,1,2,16,0,5,2,9,1,2216199
3592,4824,5,3,2,20,2,6,4,2,23,5691100
3593,2983,5,5,2,7,2,2,1,10,34,4983443
3594,3641,1,2,3,24,1,9,3,8,33,2412873
3595,1121,1,3,2,21,1,6,9,5,21,2729421
3596,3873,4,4,2,5,3,2,1,8,37,4673844
3597,2996,6,1,2,31,2,5,9,9,46,4931495
3598,1594,5,2,1,11,1,6,5,7,13,4908416
3599,4270,1,1,1,7,0,5,5,10,29,1610909
3600,693,4,2,2,15,1,2,5,10,48,3226587
3601,1186,4,4,3,5,3,3,4,4,2,5077408
3602,634,6,5,1,3,2,10,10,4,45,7431197
3603,1683,3,3,3,35,1,8,5,6,1,3855886
3604,683,1,1,1,18,1,6,10,9,47,1825741
3605,3149,4,5,1,9,3,2,1,7,26,4592881
3606,2276,4,4,3,6,3,5,4,3,47,5442112
3607,991,6,1,1,12,3,8,4,3,43,5729820
3608,3610,2,5,3,9,3,4,2,1,14,4461192
3609,4635,1,1,3,38,1,8,3,7,5,2038817
3610,4793,1,2,2,35,0,3,8,6,36,2114915
3611,654,6,3,2,15,2,3,1,6,20,5027692
3612,3626,1,5,3,16,3,2,7,5,42,3438254
3613,4969,6,2,3,25,3,5,6,5,3,5950260
3614,3165,1,3,3,37,2,6,3,5,41,2345494
3615,1147,4,1,3,21,3,4,9,4,12,4088409
3616,4705,4,3,1,11,0,6,2,5,46,4464033
3617,3570,5,4,2,40,0,3,8,3,11,4784033
3618,2839,4,5,2,6,1,2,2,1,47,4599119
3619,2472,2,1,3,20,3,1,6,6,48,2258073
3620,4788,5,1,1,37,0,6,10,7,8,4704218
3621,1607,6,4,3,7,0,1,1,9,1,4997676
3622,802,4,3,3,16,0,3,7,1,10,4096712
3623,4783,4,1,1,13,0,4,3,2,41,3639202
3624,647,5,4,1,1,3,4,3,5,33,5484244
3625,2776,6,3,1,1,2,8,8,1,28,6733668
3626,1401,3,2,1,38,1,8,2,10,40,2693479
3627,1453,5,1,1,12,0,8,9,6,43,4751878
3628,4004,2,4,2,10,1,8,1,9,36,3498998
3629,2619,5,1,1,39,3,9,1,4,39,4256229
3630,4445,4,2,2,11,0,2,6,5,13,3992601
3631,4125,3,4,1,29,0,6,10,9,11,4457408
3632,2641,2,4,1,27,1,7,9,8,28,3752712
3633,4680,6,3,1,35,3,7,8,2,26,6613245
3634,3758,4,5,1,25,1,9,4,5,15,5298141
3635,3579,3,2,2,36,3,10,7,6,11,4468500
3636,1424,5,3,2,30,2,7,10,3,29,5659322
3637,4392,2,1,2,7,2,5,1,3,31,2877245
3638,1124,6,4,1,31,0,10,1,4,4,5740968
3639,1588,3,3,2,27,0,10,7,2,25,4506489
3640,1668,2,2,2,34,1,10,7,8,18,3251921
3641,1293,1,3,1,29,1,3,7,4,13,2032916
3642,4890,2,4,2,35,1,2,9,10,39,3371925
3643,1831,4,5,3,32,2,6,3,1,4,5217419
3644,2329,6,1,2,21,1,2,3,9,18,4034976
3645,781,5,1,3,40,2,9,4,7,21,4413782
3646,1873,5,5,2,37,2,10,10,8,25,6035424
3647,4994,5,3,1,39,1,6,5,3,11,5475798
3648,3454,5,5,3,0,0,9,5,2,27,6335230
3649,1943,1,3,1,36,3,4,6,10,31,2499001
3650,3124,2,4,3,34,1,7,5,3,25,3749809
3651,1023,1,1,1,30,2,9,5,9,8,1942518
3652,3793,4,4,3,30,3,10,8,1,2,5978717
3653,643,6,5,3,7,2,8,3,2,17,6645639
3654,2364,1,2,1,7,1,5,9,7,44,2301195
3655,4625,3,2,3,40,0,6,10,7,27,3699953
3656,3005,4,2,2,22,0,9,9,7,35,4501905
3657,3023,5,5,3,4,1,5,6,7,31,5993272
3658,1335,3,4,2,30,1,5,8,6,42,3744976
3659,3750,4,2,1,27,0,7,3,1,40,4155863
3660,3059,6,3,2,25,2,2,3,2,8,5533923
3661,3227,2,5,2,16,1,10,6,5,30,4856663
3662,2398,5,4,3,37,3,2,6,8,17,5147860
3663,4299,6,4,3,2,1,6,1,8,43,5745588
3664,4860,3,2,1,30,3,6,5,1,30,4436975
3665,3561,6,4,2,6,0,3,7,7,3,5905200
3666,3526,4,4,1,6,0,6,6,9,44,4675181
3667,2000,5,3,3,24,0,8,8,7,16,5092855
3668,1676,2,4,1,13,1,2,1,6,42,2545575
3669,3273,5,2,1,27,2,7,7,9,38,5181914
3670,754,2,2,2,23,1,9,8,7,14,3428807
3671,2594,1,1,3,30,1,6,6,7,24,1632152
3672,1914,6,1,2,39,1,1,6,8,29,3906311
3673,2676,4,2,3,7,0,4,9,10,19,4255148
3674,2451,3,2,1,40,0,9,4,3,31,3537372
3675,713,5,4,2,14,2,3,2,5,25,4786993
3676,4254,3,3,1,35,2,3,6,1,40,3974115
3677,2386,3,4,2,24,1,6,1,10,47,3653584
3678,3405,2,3,2,16,1,5,7,9,38,3467265
3679,3028,4,5,1,26,2,8,2,6,24,5432762
3680,2658,2,4,3,13,0,5,10,2,10,4304881
3681,1413,1,4,1,11,1,5,3,7,43,2828137
3682,2725,2,2,1,14,1,3,6,3,27,2641101
3683,1857,2,1,2,29,3,9,5,3,22,3122482
3684,2424,1,5,2,3,0,5,6,3,37,3196047
3685,1677,4,4,1,16,1,7,6,3,38,5293896
3686,3627,1,4,1,38,2,7,4,9,30,2635596
3687,2909,4,3,1,17,1,2,8,4,33,4531406
3688,4752,4,5,1,32,0,9,2,10,15,4964521
3689,1512,3,2,1,20,0,8,5,9,40,2985166
3690,2583,2,5,3,21,0,7,8,5,47,3958481
3691,2916,6,4,3,17,0,2,1,6,28,5200415
3692,4154,5,4,2,14,2,6,1,1,46,5619137
3693,1094,3,4,3,8,3,6,8,1,30,4717694
3694,2242,6,4,3,30,2,3,9,7,24,6036553
3695,1192,1,1,3,24,2,4,3,8,15,1628420
3696,4434,5,4,1,9,3,8,8,6,48,6263609
3697,1776,3,2,1,2,0,3,4,7,18,3154607
3698,2848,6,5,1,37,1,5,2,4,25,6005738
3699,2798,5,1,2,7,3,3,4,5,14,4536317
3700,3533,1,5,2,20,2,4,3,6,1,3541498
3701,1050,3,4,2,16,1,1,4,4,44,3583949
3702,1053,2,4,1,34,0,4,7,8,29,2524112
3703,4088,1,2,3,8,2,10,9,2,12,4145658
3704,4599,2,2,2,32,1,9,5,7,45,3490083
3705,4993,3,5,2,3,1,8,7,9,40,5436448
3706,2999,2,3,2,20,0,1,5,3,43,2329160
3707,1324,2,3,2,40,0,1,1,1,26,1631531
3708,1150,6,3,3,28,3,1,8,5,22,5179065
3709,1200,1,3,2,12,0,10,5,5,30,3119905
3710,2608,3,1,1,1,2,3,7,7,40,3412596
3711,4717,1,5,2,5,0,3,6,5,23,3558332
3712,4984,5,5,1,37,2,4,6,10,46,5365057
3713,1318,1,5,2,10,0,5,3,4,15,2946659
3714,653,6,4,3,30,3,8,5,5,7,6558663
3715,1076,6,3,3,12,3,8,10,3,12,7011705
3716,4954,6,2,1,39,3,1,1,9,47,4692355
3717,2481,3,2,3,26,2,5,3,7,24,3405639
3718,4213,4,3,2,20,1,4,1,8,22,3710290
3719,1922,1,3,2,35,0,5,10,3,11,2765382
3720,3677,2,1,1,38,1,6,1,8,45,1722194
3721,820,4,3,2,17,2,2,8,4,7,4372669
3722,2356,3,1,2,11,0,3,3,2,22,2869699
3723,4315,6,2,1,6,2,10,3,9,3,5932512
3724,2836,4,2,3,40,1,7,7,10,39,3929550
3725,2602,1,5,2,1,1,4,6,8,28,3117386
3726,3831,5,1,1,6,3,6,2,4,35,4607558
3727,3120,6,5,1,36,1,2,3,4,2,5571127
3728,4315,1,4,1,12,0,10,2,3,20,3596286
3729,2713,1,2,1,20,1,9,10,6,11,2929840
3730,2149,2,1,3,38,3,4,1,4,29,1793101
3731,4426,2,4,1,36,1,6,7,4,14,3554582
3732,1709,5,5,3,28,0,8,10,6,10,6172784
3733,971,5,4,2,10,1,5,8,2,5,5499872
3734,2114,3,5,2,21,0,1,3,7,24,3296302
3735,1908,6,1,3,0,0,5,8,8,25,5083106
3736,4268,6,4,3,17,2,9,5,7,48,6919273
3737,3568,4,4,3,38,3,7,6,6,13,5274163
3738,847,3,4,1,16,0,3,5,9,14,3276616
3739,2122,4,3,1,24,1,4,8,8,17,3972252
3740,3668,4,5,1,24,1,2,8,7,22,4830832
3741,4840,6,2,3,15,1,7,8,9,37,5859864
3742,1506,5,3,1,32,1,7,10,3,22,5153959
3743,2687,1,3,1,22,3,8,2,7,26,3143550
3744,2748,2,3,1,28,1,5,4,10,48,2887985
3745,4960,3,3,2,19,3,3,9,2,28,4725029
3746,3359,4,3,1,0,3,2,3,9,21,4688939
3747,4402,4,4,2,12,1,7,4,6,2,5429806
3748,1474,4,4,3,30,2,9,4,1,15,5099828
3749,1702,5,3,2,39,3,9,2,10,21,5019377
3750,3924,3,3,1,26,1,2,9,8,32,3604938
3751,1486,6,3,3,16,3,5,3,8,28,5292033
3752,618,2,4,2,16,1,3,8,7,27,3365098
3753,1116,1,4,1,28,2,5,6,8,5,2722694
3754,1545,2,1,3,40,1,8,6,7,39,2274971
3755,1469,6,4,2,40,0,8,3,8,10,5200248
3756,764,5,2,1,28,1,3,5,1,5,4178952
3757,1532,5,3,3,12,1,9,8,3,12,5897835
3758,723,6,1,2,7,1,6,6,2,7,5095466
3759,956,3,5,1,14,3,3,10,8,35,4706476
3760,4600,6,2,3,32,1,9,10,1,20,6387041
3761,3989,6,2,2,40,3,2,6,1,6,5594442
3762,1818,2,5,2,19,0,10,6,1,20,4754284
3763,1809,1,3,3,3,2,9,5,8,45,3284894
3764,2629,2,1,2,11,3,1,2,7,11,1929810
3765,3468,5,4,2,0,1,4,2,5,42,5319911
3766,2493,1,3,2,17,2,4,4,5,5,2331812
3767,3284,3,2,1,30,0,6,6,3,40,3384684
3768,1385,4,2,2,20,0,2,10,10,29,3395723
3769,2018,3,4,1,40,1,1,6,4,46,3488854
3770,2679,2,3,3,9,3,3,9,7,4,3647767
3771,2463,3,4,3,39,0,1,8,3,8,3318934
3772,3593,3,4,1,24,2,9,3,3,24,4699829
3773,1709,4,3,1,7,1,4,3,3,2,4039637
3774,4214,2,3,1,4,0,3,7,9,9,3143874
3775,4212,6,1,2,15,3,5,5,4,18,5608231
3776,4336,1,4,1,29,2,2,3,1,15,3149069
3777,1376,6,3,3,38,0,3,1,5,17,4599654
3778,783,1,4,1,26,1,8,10,8,39,3139664
3779,4955,6,1,3,6,3,5,2,8,24,5350280
3780,3985,6,5,3,10,0,2,5,8,44,5532339
3781,2888,2,3,3,3,3,10,2,1,34,4536787
3782,3034,5,3,3,40,0,6,2,6,41,4468712
3783,4559,5,1,2,36,2,1,10,5,37,4539894
3784,3148,1,1,3,23,1,5,8,2,11,2186291
3785,1212,4,1,1,5,2,3,10,2,7,3933469
3786,3558,4,1,2,23,2,2,3,10,31,3265335
3787,3417,3,3,3,36,2,6,3,8,36,3489571
3788,4759,1,2,3,14,0,9,4,3,43,3120703
3789,3484,2,2,2,20,3,10,3,7,16,3652039
3790,2785,6,5,2,13,1,10,7,3,38,6918371
3791,2385,5,4,3,2,2,1,3,1,36,5448811
3792,4724,2,3,2,3,0,8,6,10,9,3512117
3793,3454,5,5,3,35,2,4,4,3,19,5923772
3794,3129,1,4,3,20,0,6,5,3,5,2838357
3795,3332,5,5,2,21,0,7,6,7,12,6066353
3796,1565,4,5,1,30,3,5,8,2,39,5455440
3797,2134,1,3,3,34,1,1,2,5,32,1259219
3798,2252,6,1,2,4,1,7,1,5,18,5187441
3799,1751,6,4,3,8,0,10,6,7,23,6608364
3800,2792,2,5,1,19,1,8,8,10,40,3986100
3801,4846,1,2,2,18,1,3,7,1,38,2348800
3802,2973,5,1,2,17,2,4,10,4,6,4805843
3803,1349,5,3,2,18,2,10,4,1,25,5922057
3804,2942,4,4,1,12,2,6,6,7,25,5125731
3805,4917,2,1,2,2,0,2,8,5,7,2794221
3806,1010,3,4,2,0,1,10,1,4,2,4720489
3807,4688,3,1,1,38,0,7,4,4,25,2815308
3808,4889,3,1,2,3,1,6,10,2,15,4048544
3809,2835,3,4,2,34,1,9,5,7,3,4364355
3810,950,4,4,3,19,3,5,6,6,23,5038618
3811,4165,3,2,3,4,0,10,4,8,25,4042208
3812,4812,2,3,3,5,1,10,8,9,26,4552743
3813,4920,3,4,2,5,3,4,7,3,24,4990194
3814,1818,6,2,3,20,1,3,4,4,37,4756520
3815,997,3,4,2,14,1,4,8,1,45,4003974
3816,2104,1,4,3,24,2,9,9,2,39,3601764
3817,1190,1,5,2,15,3,3,7,3,2,3612250
3818,4428,6,2,2,37,0,4,3,5,38,4679916
3819,2748,6,1,2,32,3,2,2,6,44,4362469
3820,4730,1,3,1,24,2,9,7,6,20,3663827
3821,652,2,5,3,10,3,8,8,8,31,4384969
3822,1883,6,3,3,33,0,9,2,4,11,5390276
3823,3411,6,5,1,28,2,7,8,1,30,6845349
3824,2217,1,3,2,37,2,3,5,1,27,2192308
3825,741,6,1,3,5,2,5,7,1,50,5013992
3826,1523,6,3,3,19,3,4,6,1,4,6202320
3827,4383,2,5,1,22,2,7,7,9,42,4193200
3828,4819,5,3,3,3,2,5,6,10,48,5312524
3829,2928,1,5,2,36,3,6,1,10,45,2926358
3830,3505,5,3,2,6,2,6,4,5,41,5276353
3831,3267,1,2,3,23,3,7,5,5,41,3009078
3832,1008,1,4,2,30,0,5,6,5,23,2431217
3833,3910,1,2,3,7,0,7,10,3,28,3029884
3834,4021,3,3,2,0,2,4,7,8,31,4397095
3835,889,2,5,3,32,1,10,3,10,50,3730917
3836,4708,4,5,3,38,1,3,7,7,27,4633907
3837,3012,2,3,3,34,1,2,1,2,16,2678876
3838,3195,5,3,2,34,3,2,1,7,13,4560086
3839,2929,6,1,3,17,2,5,4,4,26,4954641
3840,4537,4,3,2,12,3,9,1,10,22,5041386
3841,4009,4,2,2,16,1,3,3,6,22,3543950
3842,2738,2,2,3,10,1,10,8,4,48,3521160
3843,4647,1,4,1,32,1,9,1,2,36,3129819
3844,3205,1,1,2,2,1,4,5,7,43,1650900
3845,3363,5,4,1,2,2,7,4,1,29,6116329
3846,2955,4,2,2,40,3,3,1,3,12,3510039
3847,677,1,3,2,18,2,7,5,1,41,3062021
3848,1428,4,3,1,6,1,4,10,10,16,4705740
3849,3407,4,3,2,32,2,10,5,2,43,5254860
3850,4522,1,4,3,14,1,3,5,4,1,2997760
3851,899,2,3,2,5,1,3,9,2,43,3398000
3852,4615,5,2,3,4,3,10,8,2,43,6576425
3853,829,1,2,2,23,0,9,6,5,49,2174264
3854,1937,5,1,1,27,2,9,5,3,42,4549408
3855,2180,6,3,2,7,3,9,1,4,17,6152373
3856,1641,6,2,3,19,0,5,6,10,48,4905788
3857,807,5,4,3,29,0,8,8,10,40,5147236
3858,4993,2,2,2,9,0,4,3,7,29,2409048
3859,1134,6,3,3,31,3,5,9,8,25,5749784
3860,2888,5,1,1,21,3,4,7,4,22,4690973
3861,3367,6,4,3,37,2,10,7,4,10,6712519
3862,4124,4,2,1,26,1,9,9,7,16,4842313
3863,4156,3,2,1,33,2,2,4,1,4,3180937
3864,2586,1,1,2,38,2,8,10,3,30,2683767
3865,1316,6,2,1,37,0,3,4,8,11,4297125
3866,3796,4,5,1,20,2,8,9,5,1,6364061
3867,3645,1,3,3,21,2,7,5,3,10,3507975
3868,1596,2,4,2,26,2,10,7,1,32,4101646
3869,4942,5,3,1,38,1,4,10,5,15,5189484
3870,1622,5,1,2,26,3,9,2,8,24,4670994
3871,1034,2,3,2,27,2,10,2,4,49,3058061
3872,3112,4,1,2,40,0,1,10,8,4,3296044
3873,2520,5,2,1,37,3,3,2,10,8,3731351
3874,1184,2,4,3,31,1,1,10,3,4,3041310
3875,2931,2,3,1,38,0,6,7,5,28,2955639
3876,2034,1,3,3,35,1,6,6,10,5,2487978
3877,3881,1,2,1,38,1,2,6,2,5,2101235
3878,1029,3,4,1,1,0,9,3,9,43,4281259
3879,3108,5,2,2,20,3,5,5,8,34,4624351
3880,3986,6,5,2,12,1,10,1,4,14,6744150
3881,1339,3,5,3,1,3,7,1,2,19,5080320
3882,4511,3,5,2,37,2,6,4,3,25,4891779
3883,2695,1,1,2,35,3,7,7,4,20,2165448
3884,1364,6,1,2,2,3,8,1,1,13,5701062
3885,1322,4,5,1,39,1,3,8,6,44,4365470
3886,4825,3,4,3,8,2,9,3,2,23,5306466
3887,1741,1,4,1,34,1,9,6,10,39,3005944
3888,4859,1,5,1,15,0,3,10,4,22,3549413
3889,706,1,2,1,12,1,8,3,3,40,2557732
3890,4785,4,2,3,25,3,5,9,7,31,4851128
3891,1429,5,1,1,24,2,10,3,4,49,4885675
3892,4884,3,4,3,8,3,5,3,9,32,4357436
3893,3929,2,5,3,35,0,2,1,1,2,2939673
3894,2313,4,2,1,15,2,4,6,3,43,3943588
3895,2978,6,2,2,16,1,2,10,6,5,5185353
3896,4263,1,4,1,1,2,5,9,7,46,3787549
3897,1781,5,2,2,28,2,4,2,3,49,4475626
3898,2920,3,4,2,14,2,7,6,1,33,4690635
3899,4664,6,4,2,11,1,6,4,10,38,6151806
3900,2505,5,5,2,35,0,4,3,7,22,4848121
3901,4477,6,3,1,27,0,10,8,3,37,6245902
3902,2669,5,1,1,37,0,3,6,8,39,3217216
3903,3496,3,2,1,26,2,8,7,2,11,4447769
3904,2772,1,3,2,14,3,2,2,6,30,2184392
3905,1298,2,1,2,3,2,6,3,4,11,2526725
3906,3881,4,5,3,37,1,8,5,2,45,5110324
3907,3141,1,2,3,9,2,1,4,9,48,1549746
3908,3193,1,2,1,10,3,8,6,5,3,3420612
3909,4994,2,3,3,24,1,10,4,5,41,3927548
3910,844,1,4,3,13,3,10,2,9,3,3095252
3911,4408,1,1,3,27,3,7,10,10,12,3026985
3912,4840,4,2,3,1,0,9,9,10,11,4714559
3913,4644,1,4,2,34,2,10,8,1,40,4412332
3914,2169,4,3,1,35,2,10,2,2,13,4560347
3915,2391,4,1,1,34,0,10,5,2,25,3970328
3916,2222,5,2,3,36,0,8,1,4,25,4161768
3917,4432,2,4,3,15,3,8,6,1,31,4533650
3918,4808,3,4,1,21,1,1,5,4,44,3764599
3919,4059,4,1,2,20,1,3,2,10,22,2866667
3920,4051,2,3,2,27,0,2,10,8,7,3232739
3921,1109,1,2,2,22,2,3,1,3,46,1567556
3922,2651,5,3,1,9,3,1,2,6,45,4599635
3923,2501,2,4,1,4,1,10,5,10,22,4010496
3924,4386,3,5,1,34,0,4,7,6,11,4419027
3925,2255,4,5,1,12,3,4,1,4,44,4894459
3926,3504,4,1,2,5,0,8,1,4,23,4155879
3927,3240,5,2,1,16,3,1,9,1,29,5263207
3928,1808,1,3,2,4,1,9,8,4,38,3202082
3929,3956,2,5,3,35,0,2,8,1,8,3465014
3930,852,4,3,3,13,1,8,10,4,9,5129110
3931,4784,1,4,1,39,0,1,8,2,43,2639630
3932,4885,1,4,1,6,1,9,10,6,19,4298029
3933,3953,1,3,1,28,3,2,6,4,49,2539252
3934,1968,5,3,3,36,3,8,10,6,6,5650068
3935,1992,4,1,3,33,2,8,6,5,17,3802129
3936,3927,4,1,3,37,3,4,10,1,38,4499873
3937,2599,3,3,2,1,1,8,4,1,7,4302928
3938,4548,2,1,1,10,0,7,6,6,47,2866769
3939,2074,5,1,2,33,3,5,8,7,1,4350063
3940,1914,4,4,2,37,2,3,7,9,15,4142904
3941,4584,4,2,3,40,3,6,1,4,41,4309165
3942,1955,1,5,1,20,0,9,6,5,37,3432635
3943,2728,2,5,2,27,1,8,7,9,7,3845555
3944,2265,6,4,3,3,3,2,1,1,22,5747025
3945,3823,1,3,2,36,2,5,4,9,49,2562279
3946,4736,5,1,1,19,0,3,4,5,7,3855173
3947,3970,5,4,2,38,2,5,8,10,16,5656413
3948,1079,4,3,2,30,3,5,9,8,33,4719378
3949,809,5,2,1,36,1,8,4,9,48,4262416
3950,4653,2,3,3,32,3,4,5,9,47,2927989
3951,3649,6,3,2,0,3,4,3,5,32,5912734
3952,3967,4,5,2,32,2,9,9,5,47,5814406
3953,2399,6,5,3,31,1,3,8,4,11,6342638
3954,4105,5,2,3,18,2,10,1,7,19,5243759
3955,4964,1,1,2,6,1,9,5,10,29,2633881
3956,2086,2,1,3,29,1,5,8,1,23,2687127
3957,4797,2,1,1,29,2,9,7,2,30,3427272
3958,3862,1,2,3,7,1,7,4,8,32,2742466
3959,2152,5,2,3,2,1,5,6,7,38,4898128
3960,3724,3,1,1,32,2,5,1,9,25,2841487
3961,4631,6,4,3,34,0,8,9,5,49,6504950
3962,3683,4,5,1,27,2,3,4,8,45,4940936
3963,2288,3,2,3,34,3,6,3,5,36,3648056
3964,744,3,4,1,5,1,2,9,1,35,4276089
3965,2130,1,1,3,14,3,9,7,10,47,2739426
3966,3402,3,3,1,32,3,7,6,2,46,4508275
3967,1292,2,2,1,24,1,3,7,8,29,2083097
3968,2362,4,5,1,33,2,3,7,4,6,5162248
3969,887,1,3,1,0,1,3,10,5,6,2897678
3970,3659,6,5,2,27,1,3,6,2,43,6228371
3971,4931,3,2,3,13,2,3,10,1,38,4124529
3972,1163,5,3,2,10,1,5,1,6,22,4512479
3973,4785,6,3,2,4,2,9,6,3,12,6918822
3974,1613,3,2,3,9,1,4,8,5,7,3391237
3975,3160,3,5,1,4,3,7,3,3,31,5461413
3976,1099,5,1,3,20,0,8,1,10,8,3651445
3977,3370,3,3,2,32,2,4,6,5,18,3868480
3978,2654,1,5,3,18,2,6,3,8,26,3083533
3979,3662,3,4,1,16,0,2,8,7,43,3830314
3980,791,3,2,1,13,2,4,1,3,42,2826572
3981,2684,2,5,1,2,1,3,2,8,15,3656052
3982,2102,5,1,1,10,1,2,7,5,41,4039973
3983,2099,3,1,1,2,2,3,5,10,8,3145601
3984,2475,3,2,1,6,1,6,5,8,28,3288596
3985,1143,4,4,3,16,3,5,8,10,25,5067008
3986,3821,4,3,1,24,3,5,2,7,30,4611016
3987,3613,1,5,3,13,1,9,10,7,34,3990644
3988,3482,5,5,1,14,3,2,8,9,21,5981372
3989,2502,6,4,1,11,3,9,7,4,43,6838774
3990,973,4,5,2,10,1,9,4,4,29,5338562
3991,2744,2,3,3,21,0,5,1,6,8,2532669
3992,3923,2,2,2,0,2,6,3,9,20,3068780
3993,3392,2,1,1,3,3,2,2,8,36,2258312
3994,4835,4,4,3,15,3,5,6,7,4,5497778
3995,3651,5,1,2,7,1,4,4,2,2,4450293
3996,961,3,5,3,8,0,7,9,6,6,5040959
3997,4679,2,4,2,5,3,9,6,7,21,4800877
3998,4400,4,4,3,1,2,8,1,4,31,5223296
3999,2006,4,4,1,6,3,5,9,9,48,5373915
4000,4491,6,1,1,33,1,6,9,4,38,5056689
4001,1388,5,5,2,39,3,1,10,10,38,5445799
4002,2562,6,3,1,10,3,5,4,6,29,5770511
4003,3137,5,1,2,2,0,1,3,4,44,3879502
4004,2153,4,4,3,20,1,3,10,10,7,4653178
4005,3079,6,5,3,31,3,7,10,8,5,6854564
4006,1174,5,5,3,33,1,4,8,8,39,5400867
4007,844,3,1,3,10,1,5,3,4,40,2771911
4008,4417,4,5,2,1,3,10,3,2,1,6637311
4009,2934,2,3,2,21,1,1,5,10,11,2741511
4010,1593,1,1,3,23,0,8,3,8,16,1803652
4011,4443,6,1,3,25,0,9,7,1,22,5786540
4012,1060,4,5,1,32,1,7,1,2,2,4584123
4013,3610,6,3,1,30,2,7,3,10,32,5717374
4014,3807,3,1,1,40,0,8,1,3,46,2642750
4015,750,2,1,2,20,0,7,2,2,26,2351707
4016,3320,6,3,2,34,3,2,3,4,15,5430986
4017,1698,5,1,3,35,3,2,2,8,25,3334001
4018,2226,1,4,2,39,2,7,3,2,10,2873401
4019,3465,3,1,1,1,0,8,8,1,24,4237815
4020,1016,2,4,1,28,2,10,9,1,32,4743109
4021,2318,1,1,3,39,2,6,8,4,18,2002213
4022,2513,1,3,1,22,0,2,7,7,45,1858808
4023,3429,3,1,2,15,0,4,9,5,26,3262709
4024,2633,4,4,1,36,0,3,7,5,43,4009034
4025,4582,5,3,2,14,1,4,10,10,50,5358557
4026,4338,1,1,2,25,0,2,8,2,29,1571132
4027,3044,6,1,2,26,1,5,1,10,9,3990443
4028,1420,6,5,2,2,2,3,4,1,18,6445908
4029,4420,3,4,3,20,0,9,10,1,6,5264685
4030,4648,3,3,1,33,2,9,1,8,41,3874481
4031,3200,6,4,2,36,1,8,3,2,46,6211763
4032,3172,4,2,3,21,2,9,2,8,20,4336664
4033,2246,3,2,1,36,2,3,7,3,46,3238512
4034,769,1,2,3,20,3,10,3,9,32,2699133
4035,791,5,4,2,3,3,6,4,8,11,5479500
4036,3384,4,1,1,27,2,5,1,1,30,3852053
4037,4742,4,1,2,28,0,3,4,8,46,3041235
4038,4020,5,2,3,3,0,10,7,10,18,5293520
4039,903,6,4,1,20,1,4,6,1,40,5812531
4040,4381,3,2,3,35,3,2,1,2,4,3335259
4041,4904,5,3,1,39,3,10,8,10,45,5720007
4042,4834,5,4,3,36,3,9,5,6,29,6232523
4043,4486,1,3,2,18,1,6,6,2,11,3131547
4044,4741,6,3,1,0,1,7,1,5,48,6220371
4045,2044,5,4,3,27,2,4,8,5,2,5387672
4046,1212,5,3,3,25,2,7,1,4,30,4867909
4047,1648,2,3,1,19,1,3,2,6,17,2690024
4048,2058,1,4,3,12,2,1,9,3,41,2788521
4049,1568,4,3,3,6,3,5,2,8,2,4512852
4050,1408,6,2,3,24,3,5,4,4,24,5310016
4051,3455,4,1,1,38,0,7,2,1,11,3723291
4052,3752,4,4,1,14,0,9,2,2,5,5135191
4053,3940,1,5,1,1,0,9,3,2,38,4222203
4054,4262,1,4,1,12,0,2,1,6,4,2404915
4055,2095,4,3,1,34,0,8,10,10,8,4264837
4056,3635,4,5,1,27,3,4,6,3,13,5548040
4057,4094,2,4,1,34,0,2,7,9,41,2662004
4058,1821,4,4,1,32,1,3,7,10,6,4367713
4059,3492,1,1,3,38,3,2,10,6,19,1859668
4060,2869,1,2,3,10,3,8,10,9,24,3074188
4061,2273,3,4,3,20,2,5,3,6,34,4108897
4062,3329,1,1,1,17,0,4,6,6,47,1350355
4063,3489,5,1,3,15,1,5,4,6,7,4576936
4064,3493,6,2,1,27,3,7,3,3,36,5531354
4065,4551,1,4,3,15,0,8,3,10,37,3073186
4066,1224,2,2,1,17,2,6,5,2,4,3226612
4067,667,1,4,3,36,2,10,8,10,10,3140532
4068,3978,1,4,1,1,2,7,6,9,32,3403229
4069,1679,1,2,2,17,3,9,1,4,10,2968374
4070,4139,2,4,3,9,0,2,8,2,9,3624910
4071,920,6,3,3,1,0,4,5,7,38,4891558
4072,4045,1,3,3,22,0,9,3,5,46,2606096
4073,2579,6,4,2,8,1,6,4,9,38,6167067
4074,4570,4,5,3,31,1,1,9,9,35,4646600
4075,1293,4,1,2,6,1,6,2,4,10,3765395
4076,3925,4,1,2,8,3,1,3,9,4,3295833
4077,1751,6,1,1,33,1,10,1,4,26,5097783
4078,2567,5,4,1,23,2,2,3,7,29,4811132
4079,4966,3,2,1,14,0,6,8,7,27,4096463
4080,1900,5,2,1,12,2,7,3,7,4,4913899
4081,4035,5,3,2,1,0,3,4,7,6,4944380
4082,4200,6,4,3,31,3,6,8,1,20,7119624
4083,852,5,4,3,40,3,4,4,9,44,4448124
4084,986,3,3,1,39,3,4,4,4,42,3199374
4085,2050,6,4,1,8,0,7,2,5,31,5572048
4086,2793,4,1,2,3,0,3,9,7,44,3551543
4087,2549,2,2,3,13,0,1,7,4,35,2279946
4088,3693,3,4,2,28,3,6,1,6,15,4377762
4089,1044,6,4,3,20,2,9,3,1,32,6230531
4090,1859,6,4,1,15,0,3,9,9,17,5625906
4091,4355,1,1,2,28,2,6,4,3,11,2464006
4092,4258,6,5,1,13,3,3,7,7,31,6770850
4093,4701,1,1,1,33,3,9,7,6,9,2817783
4094,1896,2,4,1,25,1,6,10,9,48,3485705
4095,1958,3,4,1,31,3,3,5,4,35,4218317
4096,3847,4,1,2,1,2,6,10,2,44,4799165
4097,4422,3,4,2,20,0,5,6,5,43,4004346
4098,3220,3,5,3,35,1,6,6,3,23,4838390
4099,3455,3,1,3,22,3,8,6,9,4,3869235
4100,1233,2,3,3,19,2,10,8,10,46,3938468
4101,4452,2,4,1,3,1,2,8,2,11,3811478
4102,672,3,1,1,30,0,5,3,5,22,2146420
4103,3880,5,1,3,25,3,9,9,8,42,5457984
4104,2631,5,2,2,6,0,10,3,8,33,4719220
4105,4217,5,1,1,37,3,1,9,4,50,4612154
4106,794,4,4,1,27,2,3,1,6,24,4090676
4107,2845,5,2,2,5,2,7,5,1,4,5373397
4108,625,6,3,3,20,2,10,10,5,7,6773148
4109,1749,3,3,2,26,1,7,8,4,19,3931976
4110,1920,6,1,2,40,0,4,10,7,20,4649553
4111,1929,6,4,1,13,1,3,8,6,38,5818990
4112,2378,4,5,1,23,0,3,6,1,36,5053561
4113,3909,5,1,2,34,1,9,6,1,48,5021072
4114,1585,3,3,2,35,3,6,8,1,44,3957537
4115,2246,5,1,1,13,2,4,8,10,31,4227188
4116,2704,3,1,2,37,0,9,3,5,3,2768675
4117,4189,3,5,2,32,1,6,8,4,30,5030319
4118,1266,3,5,2,25,1,10,5,9,22,4536977
4119,3533,1,5,2,18,1,3,7,10,19,3104827
4120,2584,6,4,3,17,0,7,2,1,28,5763526
4121,3818,5,5,2,9,2,7,2,6,28,6014914
4122,2515,3,1,3,35,1,8,5,9,39,2641436
4123,2368,5,3,3,31,3,8,5,9,14,5214110
4124,3434,1,3,2,32,0,6,5,5,8,2389871
4125,1307,5,1,1,16,3,3,5,6,29,4337748
4126,1398,6,5,3,2,2,2,7,5,29,6489114
4127,1562,5,3,1,3,1,3,4,9,46,4535681
4128,1816,6,2,1,27,0,8,7,10,4,4872433
4129,877,5,4,1,26,2,8,9,2,17,5844531
4130,4566,4,4,1,1,0,10,8,3,43,6158576
4131,4342,3,5,1,30,2,4,6,1,5,5168497
4132,900,3,3,2,0,0,3,7,2,15,3533036
4133,1994,6,3,1,0,0,9,2,5,21,5776188
4134,1724,3,3,1,21,1,8,10,6,9,4543420
4135,3220,6,4,1,40,0,9,10,7,27,6393525
4136,946,6,5,3,14,3,3,3,5,2,5880662
4137,4175,5,4,2,38,1,7,9,8,19,5905469
4138,3030,1,5,1,14,0,7,9,10,2,3466703
4139,860,2,1,1,32,1,5,7,10,48,1761571
4140,3015,2,3,2,21,2,2,9,6,14,3039720
4141,4253,3,5,2,20,2,9,1,9,4,4713180
4142,3062,2,1,1,28,0,1,3,9,12,1446267
4143,858,4,3,1,28,0,6,6,6,23,3692617
4144,1179,3,5,2,15,0,9,3,4,4,4701143
4145,1010,5,3,2,10,1,10,3,9,30,4928815
4146,1922,2,4,2,17,0,4,8,9,18,3089379
4147,972,1,2,1,5,2,7,8,5,18,2758648
4148,4763,3,2,3,34,0,3,9,7,24,3482959
4149,4253,2,2,2,8,1,9,4,4,6,3987547
4150,3904,2,2,2,25,1,3,5,3,3,2543464
4151,1819,5,5,1,13,0,7,8,3,50,6239514
4152,1483,3,5,2,40,3,10,8,2,7,5393287
4153,692,1,3,3,37,2,9,2,1,9,2552640
4154,2488,6,5,3,40,2,8,9,7,6,6575049
4155,4082,2,4,2,0,1,1,9,5,39,4046100
4156,4673,5,5,2,21,2,4,4,3,36,5714450
4157,1529,1,3,2,40,2,5,4,4,27,2501486
4158,3642,3,2,2,2,3,5,3,8,1,3646500
4159,1260,4,4,1,34,1,10,7,5,24,5318956
4160,3589,1,1,3,29,2,2,1,7,32,1456346
4161,2887,4,3,3,8,1,2,9,9,22,4453412
4162,1120,4,1,2,25,0,10,8,6,14,4214967
4163,4128,4,3,2,32,3,7,6,5,47,4958842
4164,4784,3,3,2,10,3,3,1,10,15,3812783
4165,4502,4,3,1,40,0,8,8,2,42,4971005
4166,4415,5,2,1,6,0,2,5,5,23,4661645
4167,1222,5,1,3,32,0,6,1,7,12,3274451
4168,2694,6,3,1,13,1,8,8,7,45,5916155
4169,1498,3,5,1,5,2,7,5,3,24,4808169
4170,724,2,2,2,24,3,9,5,7,23,3042976
4171,3373,1,3,1,16,1,9,8,1,40,3420091
4172,3057,1,5,1,23,2,5,4,1,4,3371192
4173,1813,5,3,1,28,1,5,8,6,16,4765039
4174,4300,6,5,2,9,1,1,4,6,34,6114256
4175,4527,1,1,3,15,3,7,7,10,36,2801505
4176,3044,1,2,2,37,1,7,7,8,43,2340890
4177,3669,3,2,2,0,3,4,9,10,44,4374143
4178,1297,5,2,3,33,1,5,1,7,5,3986577
4179,1943,1,5,2,8,3,4,6,9,22,3757265
4180,3217,2,2,1,26,1,9,7,7,19,3281510
4181,1358,3,3,2,14,0,9,5,10,26,3907127
4182,1436,1,2,1,38,3,2,1,10,43,1155010
4183,4441,6,5,2,20,3,2,8,1,29,6806539
4184,3061,4,1,2,26,1,9,2,1,44,4026318
4185,2145,4,5,2,29,3,1,10,8,5,5075577
4186,4638,2,3,1,22,3,5,1,10,44,2856771
4187,4893,4,1,3,0,1,5,4,8,29,4049785
4188,2108,2,4,1,17,3,7,5,3,13,3985269
4189,3535,4,3,2,33,1,1,1,10,21,3277630
4190,1058,4,3,2,39,2,4,8,9,43,3996882
4191,1043,5,4,2,8,2,5,6,3,37,5349157
4192,2579,3,3,2,30,0,3,3,9,39,2857719
4193,632,3,1,2,7,3,10,4,5,34,3814855
4194,3103,2,5,2,20,1,3,4,1,34,3480473
4195,674,4,5,3,17,3,5,3,10,38,4584781
4196,2160,6,5,2,38,2,1,10,6,20,5850360
4197,2989,3,3,1,17,0,10,10,10,38,4192563
4198,1442,5,2,1,3,2,1,8,9,32,4520055
4199,957,1,2,1,12,0,6,8,5,24,2370096
4200,843,3,3,1,5,3,1,6,6,33,3892612
4201,1510,6,2,3,30,2,5,4,7,42,5080777
4202,4776,4,5,2,13,1,10,2,3,8,5677337
4203,1324,2,5,1,17,3,9,4,8,6,4398035
4204,1443,3,1,1,38,0,1,1,1,7,2066703
4205,3454,2,5,2,14,2,5,8,7,36,4099121
4206,2882,3,5,1,26,0,10,3,10,39,4529050
4207,3097,3,1,2,2,3,1,8,10,17,3220342
4208,897,4,5,2,17,2,5,5,9,13,4924009
4209,4373,3,1,1,24,2,7,5,6,40,3792983
4210,3277,3,4,1,21,1,10,5,4,36,4815237
4211,1312,6,1,3,5,1,1,8,5,5,4986411
4212,3806,1,2,3,11,2,3,6,6,24,2565748
4213,859,6,2,3,11,1,7,10,9,2,5508943
4214,4069,4,3,3,4,2,3,1,2,39,4333376
4215,2312,2,2,3,27,2,10,1,1,24,3189069
4216,985,1,5,3,26,1,6,1,3,50,2659318
4217,1228,5,2,3,15,0,10,4,4,46,4821522
4218,3513,6,4,2,33,2,5,7,6,47,6193088
4219,4560,5,2,2,18,1,7,1,10,17,4325098
4220,2016,4,5,3,18,2,6,6,9,34,5253215
4221,4899,2,5,2,21,2,7,8,6,20,4895226
4222,4993,3,5,3,8,0,5,6,3,12,5019630
4223,3338,6,5,1,0,0,5,10,7,26,6557243
4224,1647,4,2,2,6,1,5,5,5,22,4302486
4225,2273,1,5,1,30,0,5,4,6,18,2475037
4226,3434,5,3,3,17,1,6,6,6,12,5520446
4227,2172,2,1,1,6,1,10,10,8,28,3422302
4228,2380,1,4,3,40,2,5,1,6,49,2277225
4229,3191,1,4,3,34,3,4,4,6,2,2735123
4230,2635,1,3,3,34,1,3,8,3,11,2600294
4231,4920,2,4,3,22,3,4,7,4,1,4274386
4232,4286,3,2,1,17,1,10,3,2,22,4287731
4233,3652,3,5,2,20,3,8,5,8,43,5149519
4234,1015,4,3,2,36,1,4,10,7,20,3985348
4235,1149,3,4,2,18,3,7,9,4,37,4893625
4236,845,5,5,2,5,3,5,2,6,12,5999314
4237,1624,5,2,1,3,2,8,6,9,2,4939062
4238,639,1,5,3,15,3,8,10,8,27,3770660
4239,3912,4,2,2,16,3,3,1,5,13,3769622
4240,1370,4,4,1,40,2,2,6,3,42,4103446
4241,4605,1,4,2,19,1,3,8,1,6,3351250
4242,4891,5,2,2,34,0,8,3,4,35,4668562
4243,4880,3,5,2,29,1,2,1,6,18,3646367
4244,878,4,1,3,7,2,7,9,6,35,4208076
4245,4411,3,5,2,32,0,9,7,1,43,5137516
4246,1221,3,3,3,20,2,10,9,9,45,4673816
4247,696,5,2,1,23,0,1,7,7,8,3682148
4248,2612,3,4,3,39,1,2,5,4,14,3573510
4249,1253,1,2,1,38,3,8,2,6,16,2075433
4250,3952,2,5,3,26,3,5,8,8,48,4410222
4251,4024,3,2,1,31,0,9,5,10,35,3691992
4252,4179,1,3,1,17,3,6,6,5,5,3481123
4253,3614,4,5,1,33,0,3,2,7,5,4123123
4254,2048,5,4,2,4,2,4,3,5,28,5503378
4255,3996,1,1,3,12,3,1,2,3,36,1718440
4256,1486,1,5,2,1,1,8,7,4,20,3725716
4257,4604,1,3,1,37,0,7,6,3,15,2680711
4258,3450,5,1,1,28,1,3,1,7,37,3647618
4259,3248,1,5,2,34,2,3,8,6,3,3094163
4260,4681,1,5,1,39,1,1,6,10,26,2634244
4261,2755,3,1,1,17,0,7,6,4,29,3283086
4262,1288,5,3,3,14,2,3,8,10,31,5060529
4263,1717,6,4,2,7,3,10,2,6,3,6857977
4264,4369,1,2,1,25,1,6,5,6,47,2436655
4265,1063,5,5,3,34,2,1,9,5,34,5155282
4266,3378,4,2,1,15,1,8,9,9,11,4578853
4267,1431,5,4,2,16,3,10,1,6,1,5992855
4268,1320,3,1,2,18,3,7,3,6,27,3312410
4269,4411,5,2,1,2,1,7,6,6,7,5169991
4270,3402,5,4,3,28,2,10,9,10,46,6136556
4271,1351,2,5,2,11,1,3,9,8,12,3754601
4272,1549,5,2,1,15,0,7,9,3,28,4918374
4273,2260,4,2,2,9,2,1,2,5,7,3854219
4274,1837,3,3,1,9,0,9,1,8,32,3333925
4275,2597,3,2,1,7,3,8,3,10,36,3774007
4276,3125,5,2,1,2,1,4,1,2,25,4401789
4277,1442,4,2,3,14,2,6,5,1,48,4455605
4278,4346,3,4,3,14,2,2,10,7,41,4541744
4279,3043,6,4,3,30,0,3,2,6,39,5195132
4280,2115,3,4,1,19,3,5,4,8,30,4440103
4281,4096,5,5,2,24,2,6,10,1,48,6896191
4282,2558,5,4,3,18,3,7,6,7,45,6064830
4283,608,5,2,1,5,2,8,7,9,9,5401957
4284,2484,3,5,3,40,2,8,7,1,11,5046364
4285,2288,3,5,3,40,3,2,7,2,10,4422362
4286,1253,5,1,2,34,0,5,10,6,49,4234625
4287,4785,1,1,1,36,2,1,5,4,2,1790569
4288,4415,2,2,2,39,0,1,1,1,39,1763464
4289,1051,2,4,2,25,0,9,1,5,45,2910656
4290,2620,1,5,2,26,1,7,8,10,5,3653045
4291,4097,2,4,1,8,0,10,6,5,37,4276390
4292,4289,2,5,1,27,3,10,7,7,49,4885087
4293,2636,2,3,1,1,2,9,8,6,20,4577487
4294,4639,2,4,2,9,0,2,5,6,40,3379099
4295,4355,5,1,1,38,1,4,9,9,8,4427022
4296,3078,5,5,1,25,1,9,2,2,46,5677628
4297,4349,5,2,1,36,3,3,8,2,49,4944100
4298,1562,5,1,1,9,0,5,6,9,30,4218735
4299,1443,4,1,3,8,0,4,3,6,40,3086839
4300,1237,4,2,3,33,3,4,7,3,50,4255657
4301,1757,1,4,2,26,3,1,2,4,5,2730566
4302,1248,6,2,3,25,3,7,10,2,15,6418775
4303,3959,6,1,2,24,3,4,7,7,6,5244803
4304,2914,1,5,3,2,1,10,8,3,25,4739187
4305,2791,4,1,3,15,0,8,2,8,41,3746882
4306,1957,1,1,1,17,3,4,6,1,7,2498414
4307,2001,1,2,1,22,3,4,10,2,32,2887572
4308,894,1,1,1,2,1,8,4,6,9,2366900
4309,4003,5,5,1,15,2,3,5,6,18,6078840
4310,3945,4,5,3,32,0,2,8,9,4,4482530
4311,1436,2,5,1,0,1,4,3,9,15,3399578
4312,943,3,4,1,18,2,5,1,9,46,3399238
4313,4403,3,4,3,37,0,6,3,3,15,4152478
4314,1892,3,5,1,25,0,10,8,7,31,4633320
4315,4226,5,4,2,7,2,10,1,3,11,6104526
4316,4628,6,3,3,20,0,6,8,8,7,5647870
4317,4566,2,3,1,16,2,10,6,9,27,4105145
4318,1741,1,4,3,0,2,9,5,8,34,3501450
4319,1522,4,3,2,17,0,5,9,6,24,4059240
4320,1907,1,4,2,30,3,10,5,2,43,3863247
4321,616,3,3,2,21,2,5,10,2,46,4159660
4322,1476,5,2,3,32,1,8,8,4,28,4725134
4323,3226,4,4,3,1,0,5,4,6,33,5005856
4324,2942,6,2,3,29,2,7,3,7,33,4991745
4325,2116,5,5,3,35,0,5,6,2,12,5243714
4326,4983,1,3,3,16,0,1,8,9,36,2555582
4327,750,4,2,1,14,3,6,4,10,6,3756318
4328,2346,4,2,3,17,3,2,4,8,45,3909436
4329,4181,2,5,3,3,3,5,2,8,4,4044765
4330,3251,2,2,1,20,3,8,4,4,20,3698693
4331,3467,1,3,1,22,1,8,4,3,30,2761292
4332,2214,5,4,1,37,3,10,4,8,21,5581947
4333,1577,2,4,2,34,3,3,8,7,35,3579195
4334,1241,5,2,3,7,3,1,8,8,28,4864306
4335,2814,5,5,1,38,0,3,1,2,28,4787712
4336,2646,3,4,2,30,0,3,2,5,39,3291890
4337,3924,6,4,1,8,3,7,5,4,24,6896809
4338,2092,5,2,2,2,0,10,1,10,29,4569904
4339,3024,2,4,3,33,3,7,9,2,40,4167663
4340,1577,5,3,2,28,2,3,8,6,18,4682897
4341,1951,3,3,3,13,3,7,5,6,31,4590585
4342,2869,6,5,1,0,3,5,9,7,5,7057496
4343,2178,1,5,1,13,1,7,7,3,47,3822097
4344,1421,6,5,3,0,2,9,8,1,5,7676221
4345,4853,4,2,1,30,0,7,5,7,26,3820876
4346,663,6,4,3,5,0,10,8,9,11,6137920
4347,2051,3,3,1,34,1,6,5,2,6,3607848
4348,3279,1,2,2,14,1,3,5,9,6,1878462
4349,3071,2,3,2,37,1,3,3,7,6,2627095
4350,3438,4,5,2,9,0,7,8,7,6,5437854
4351,4570,3,3,1,1,0,6,5,4,7,4445065
4352,2663,2,1,2,24,3,3,6,7,5,2561164
4353,3405,2,4,3,15,1,8,4,1,2,4247440
4354,1621,5,4,2,15,3,8,4,9,2,5995735
4355,1549,2,1,3,18,1,1,1,5,38,1590296
4356,1017,5,4,2,35,3,6,2,5,14,5102977
4357,2855,4,2,3,17,2,5,1,2,28,4223198
4358,2467,4,5,1,18,2,7,7,6,12,5597778
4359,941,5,4,3,20,0,4,3,1,16,4548999
4360,3443,3,4,2,23,1,5,1,8,45,3726409
4361,1691,1,4,1,3,3,10,2,5,25,3750046
4362,3645,5,3,3,30,2,9,7,8,26,5863138
4363,3118,6,3,3,17,1,1,2,3,48,5247113
4364,2407,1,2,3,9,2,2,4,4,49,1885821
4365,3187,2,4,3,21,3,3,3,7,29,3312076
4366,3718,5,5,2,19,0,7,6,3,18,5768035
4367,3109,1,1,3,40,3,4,6,8,16,1795780
4368,1969,3,1,2,33,3,9,9,8,11,3780181
4369,871,6,2,1,17,1,3,8,7,46,4578320
4370,4833,4,3,2,16,2,4,9,9,20,5040003
4371,1912,2,3,1,32,2,6,4,7,24,3096733
4372,3450,4,1,2,3,2,1,6,2,26,3725110
4373,3122,3,5,2,20,1,3,5,2,26,4173461
4374,2562,4,5,1,37,1,4,1,6,36,4467311
4375,929,6,5,2,17,1,5,2,2,5,6266016
4376,795,6,4,1,38,0,10,7,3,34,5819733
4377,3323,6,1,2,28,2,8,5,3,39,5657496
4378,2515,1,1,2,0,3,4,10,6,3,2508541
4379,4313,6,4,3,5,1,10,7,3,38,7090896
4380,3746,2,5,1,23,1,5,6,3,34,4004704
4381,2449,3,5,3,14,0,6,3,8,6,4129111
4382,2647,5,5,1,23,1,4,7,3,11,5559874
4383,3530,6,5,2,34,0,4,9,9,46,5692181
4384,4097,3,5,2,40,2,10,4,2,3,5183578
4385,4820,5,4,2,15,0,10,10,10,7,6289644
4386,3590,4,3,1,31,0,4,1,8,13,3549261
4387,1812,4,1,2,28,0,2,7,8,48,3023656
4388,2495,6,5,1,17,2,5,5,9,44,6131291
4389,3271,4,1,2,18,1,7,10,9,13,4226808
4390,4937,6,1,3,3,2,1,4,7,39,4617186
4391,2122,2,4,3,15,2,3,3,4,39,3570722
4392,4502,4,4,3,34,0,7,5,9,27,4795118
4393,4182,1,5,1,37,0,10,6,3,15,3650955
4394,2724,4,5,3,36,3,9,10,5,15,5915791
4395,775,6,3,1,12,3,2,2,3,5,5213141
4396,662,3,2,3,33,2,3,5,10,38,2747033
4397,3802,2,4,3,0,3,1,1,3,43,3566996
4398,4032,1,2,3,15,1,4,6,4,27,2481425
4399,3942,4,4,1,1,3,4,6,2,14,5451933
4400,689,6,4,3,11,1,1,7,10,8,5336841
4401,1875,4,3,2,19,1,6,9,10,38,4198254
4402,2209,2,4,1,29,3,8,2,5,5,3712500
4403,1481,3,1,1,6,2,4,5,4,38,3005035
4404,4065,3,1,2,29,0,6,4,3,48,3100199
4405,4616,5,2,1,32,2,9,2,3,4,5530569
4406,3717,2,3,1,8,2,4,6,1,38,3985976
4407,4703,2,2,2,27,0,2,3,4,28,2031507
4408,2760,2,3,3,36,3,1,2,1,12,2828922
4409,2270,6,3,2,18,2,4,5,1,26,5895609
4410,2529,2,4,2,3,3,6,1,5,13,4083307
4411,616,2,4,1,6,2,1,5,5,10,3119361
4412,2368,5,4,3,7,3,10,9,10,30,6729701
4413,1100,5,4,2,25,3,3,9,7,11,5496301
4414,2294,1,2,1,1,0,3,7,9,13,2200486
4415,4314,6,1,3,17,3,10,6,5,28,6399132
4416,994,2,5,3,37,1,10,5,9,4,4045424
4417,4078,4,4,2,0,3,9,10,10,49,5863269
4418,4595,1,3,3,18,2,7,1,5,18,2720508
4419,1582,1,1,1,13,0,10,1,7,40,1665070
4420,2750,2,1,2,9,3,5,6,9,16,2809274
4421,667,6,3,3,22,1,9,7,10,29,5822932
4422,2534,5,5,3,40,0,4,3,2,46,4829888
4423,2945,3,5,3,5,1,3,5,2,29,4313305
4424,2783,3,4,3,21,0,3,9,8,7,3657601
4425,1116,3,2,1,18,0,6,2,3,5,2905435
4426,3602,3,5,1,8,1,6,5,5,15,5169947
4427,2680,2,2,1,26,2,8,2,8,33,2631808
4428,4825,3,1,2,18,1,9,5,2,14,3903997
4429,3322,6,3,3,6,0,8,2,9,34,5409799
4430,3022,2,2,3,20,1,6,1,5,38,2335662
4431,3578,2,3,3,0,2,5,9,1,2,4330582
4432,4478,1,5,1,11,1,4,10,5,16,3896939
4433,1473,6,5,3,37,1,7,10,3,5,6559711
4434,2669,3,4,3,17,3,9,9,7,22,5163211
4435,821,5,4,3,15,2,8,10,2,21,5970852
4436,1796,5,5,3,36,2,3,3,9,50,4941530
4437,3824,4,5,1,25,2,3,7,3,30,5404681
4438,3514,6,4,2,14,1,7,7,10,10,6528969
4439,2836,2,1,3,2,2,8,1,8,46,2735019
4440,3126,3,2,3,2,1,3,4,10,32,3095661
4441,2608,1,2,2,3,2,6,6,3,32,2952783
4442,1960,1,2,3,11,3,2,10,9,43,2122883
4443,3753,3,4,3,20,1,6,3,7,42,4100904
4444,4652,4,4,3,27,2,1,1,3,43,4098083
4445,4127,3,3,1,20,1,6,8,2,25,4211898
4446,842,5,3,3,30,2,2,6,10,36,4194499
4447,1098,1,3,3,7,1,1,2,2,5,1747582
4448,2622,4,4,3,13,2,8,2,10,20,5037131
4449,3595,2,5,3,11,0,7,10,6,8,4641832
4450,2028,3,1,1,26,2,3,8,6,8,2875648
4451,2740,3,4,2,36,0,5,2,1,45,3578449
4452,4063,2,3,1,18,1,10,3,4,50,3620685
4453,2906,1,2,2,14,2,9,8,3,20,3045762
4454,2449,4,5,3,19,2,6,5,3,11,5300006
4455,2515,2,2,3,36,2,7,9,7,15,3066377
4456,2910,4,2,1,9,2,8,9,4,18,5402569
4457,3327,5,1,1,22,2,7,7,9,1,4463723
4458,4167,5,1,2,10,0,5,9,5,49,4383169
4459,4377,3,1,2,7,1,4,7,8,10,3107663
4460,4881,1,4,2,10,1,4,9,9,33,3505706
4461,2086,2,4,3,27,1,8,10,2,5,4242500
4462,1882,2,1,1,27,0,6,9,4,4,2886599
4463,4542,6,5,3,4,3,3,6,10,10,6775517
4464,1656,3,3,3,19,2,8,9,10,50,4266616
4465,4311,5,4,3,40,0,5,5,3,17,5400485
4466,1958,6,3,3,15,1,5,8,1,12,6189921
4467,4065,5,5,3,40,1,10,2,4,32,5841261
4468,3146,2,2,1,8,2,10,8,6,25,3773929
4469,4602,6,4,3,20,1,2,5,8,7,5516371
4470,3924,2,4,2,13,0,3,4,10,44,2763664
4471,3627,5,3,3,12,0,8,2,3,25,5133926
4472,1904,3,3,2,17,3,8,6,10,20,4254509
4473,1477,4,2,1,27,0,2,4,7,8,3031353
4474,4420,6,3,3,31,2,2,4,4,14,5494872
4475,3356,4,5,2,0,1,8,1,7,24,5624579
4476,3775,1,4,1,17,1,4,1,7,4,2777946
4477,771,4,5,3,23,0,7,9,9,27,4952098
4478,4332,2,3,2,16,3,2,3,7,44,3038749
4479,2138,2,2,2,18,3,2,9,7,35,3179440
4480,3773,4,1,2,20,2,8,3,7,42,4289801
4481,4314,6,5,3,2,0,9,4,3,13,6998373
4482,1938,1,1,3,31,1,6,3,4,4,1480347
4483,4867,6,4,3,40,1,3,9,9,6,5837818
4484,3419,3,5,1,33,0,9,5,3,24,5040031
4485,1768,1,1,3,24,0,8,4,7,19,1805275
4486,1960,1,3,3,27,0,9,8,9,27,2563319
4487,3246,1,5,3,30,3,10,9,3,22,4715277
4488,4177,5,2,1,29,1,7,1,10,34,4569433
4489,3976,6,2,1,10,0,8,10,4,47,6091895
4490,2249,3,1,3,3,0,2,1,6,15,2650881
4491,1635,4,1,1,7,1,4,1,6,21,3453928
4492,4256,1,5,1,9,0,9,5,8,11,3972950
4493,2318,2,5,1,28,2,7,6,8,17,3766763
4494,2311,5,5,3,16,0,7,7,10,18,5745089
4495,3972,6,1,2,34,3,1,3,6,27,4518331
4496,2319,2,2,2,25,3,1,3,10,49,1897581
4497,1773,3,1,1,35,3,3,8,7,35,2814714
4498,2881,2,5,3,6,1,6,9,9,46,4308562
4499,2972,5,3,1,0,1,6,10,8,4,5903111
4500,3879,2,5,3,2,1,5,3,6,41,3821457
4501,2735,3,1,3,3,2,3,6,6,48,3165744
4502,1820,6,2,1,11,0,10,1,1,3,5854886
4503,4948,1,1,3,25,3,9,10,9,18,3348450
4504,1775,6,4,1,37,1,10,3,2,16,6197045
4505,4060,5,4,2,27,3,6,6,4,23,5877633
4506,2641,4,4,3,21,1,8,9,3,38,5522289
4507,3470,6,2,3,35,2,10,7,10,10,6094637
4508,4971,6,3,2,30,2,7,2,6,43,5677101
4509,2870,3,1,1,0,1,6,2,5,39,2946516
4510,3203,5,5,1,39,0,1,5,2,17,4668922
4511,2246,3,2,2,0,1,2,6,1,28,3630495
4512,4565,1,1,2,40,3,2,7,6,43,1586254
4513,1411,1,4,2,39,1,10,8,3,48,3145858
4514,805,3,1,2,29,1,9,1,4,24,2686855
4515,4669,6,2,1,30,1,9,4,1,35,6082978
4516,4408,1,4,2,12,3,3,8,7,7,3767750
4517,3772,2,4,3,18,0,1,6,6,30,3198420
4518,1520,6,3,1,8,0,7,10,1,1,6547654
4519,2959,4,2,1,6,2,1,8,5,29,4153476
4520,3580,3,4,2,39,0,5,6,8,42,3470727
4521,2536,5,4,3,38,1,4,2,8,41,4611091
4522,4904,6,3,2,13,3,2,3,6,32,5864150
4523,792,5,1,3,7,1,10,10,1,21,5207155
4524,2165,2,2,3,31,2,1,5,4,11,2376634
4525,1609,5,5,3,34,0,9,9,3,11,6085269
4526,3057,4,3,3,2,1,9,10,1,43,5910080
4527,3005,4,1,2,37,0,6,1,4,31,3194203
4528,1416,1,3,2,31,3,8,8,6,17,3125982
4529,3278,3,3,3,26,3,9,2,5,21,4156976
4530,749,6,1,1,36,2,4,4,10,14,3896602
4531,4473,1,1,3,7,3,7,10,2,35,3454176
4532,3455,1,3,3,25,0,2,9,8,19,2312855
4533,2281,5,2,2,11,2,10,5,2,31,5817699
4534,4962,4,1,1,33,3,9,10,1,40,5182294
4535,3630,2,2,1,29,3,6,4,3,27,3084583
4536,3612,1,5,3,7,2,8,9,7,4,4663595
4537,4375,1,5,2,23,0,10,9,6,14,4142825
4538,1825,5,3,2,37,1,10,3,2,42,5330576
4539,4003,4,4,1,11,0,10,2,6,14,5142153
4540,4848,1,5,2,31,0,9,2,9,3,3447684
4541,3935,2,4,1,9,0,5,5,10,9,3418962
4542,4288,4,5,2,29,0,3,7,4,33,4837299
4543,4585,2,4,3,1,0,3,9,8,10,3766722
4544,3227,5,4,2,0,2,6,8,7,32,6065110
4545,4807,1,3,2,8,1,9,6,6,18,3622545
4546,1592,1,1,1,24,0,6,6,3,2,1707395
4547,1207,4,3,1,22,2,8,9,2,44,5275754
4548,3561,3,3,1,12,0,6,10,1,22,4500545
4549,4003,6,3,3,15,2,3,2,6,37,5239222
4550,2333,2,3,3,9,0,4,9,6,17,3546431
4551,1425,3,2,1,23,2,2,1,7,11,2837495
4552,2451,1,1,3,35,2,8,1,6,37,1705614
4553,1103,3,2,1,5,3,2,8,2,4,4172153
4554,4329,4,4,1,10,2,8,9,7,8,5877080
4555,946,1,4,1,4,2,9,10,4,7,4039699
4556,613,2,3,3,3,1,10,2,6,34,3572103
4557,4423,2,1,3,24,3,6,6,3,9,3063446
4558,1856,6,3,1,21,1,8,6,9,44,5780244
4559,2312,1,2,2,7,1,1,3,1,10,1674444
4560,3584,5,1,3,27,2,5,8,8,37,4730913
4561,3856,5,5,1,11,1,8,8,4,1,6591873
4562,2099,6,3,1,34,3,5,6,10,16,5549738
4563,3738,4,2,2,1,3,7,4,4,2,4795968
4564,1021,4,3,1,16,0,10,8,6,37,5013745
4565,3986,2,4,1,4,0,8,4,1,39,3895952
4566,2757,2,3,1,23,3,4,8,4,36,3408457
4567,1481,2,5,1,16,3,3,5,4,40,4046147
4568,4339,1,1,1,19,2,4,2,10,42,1782406
4569,4152,6,2,2,36,0,8,10,8,42,5621913
4570,3316,4,1,1,36,0,4,9,5,4,3677782
4571,1742,6,4,1,31,0,3,4,7,50,4799403
4572,1608,1,4,2,21,2,9,7,3,11,3718015
4573,2980,6,1,1,38,1,7,2,3,20,4567757
4574,4006,3,1,1,19,2,8,9,7,41,4073615
4575,2931,2,1,3,11,1,9,2,3,37,3065326
4576,2501,1,1,3,5,0,5,2,10,36,1446919
4577,4895,6,3,1,7,3,2,9,7,31,6510536
4578,2747,5,4,2,28,3,9,2,10,19,5643647
4579,1533,5,5,3,23,3,9,10,1,50,6932950
4580,920,5,3,1,28,3,6,7,9,13,5370098
4581,1771,4,4,1,16,3,6,9,1,7,5919661
4582,4394,2,1,3,21,3,10,8,10,32,3867389
4583,3003,2,5,3,40,0,7,3,8,15,3271014
4584,1080,5,3,3,11,1,3,3,7,16,4133008
4585,3754,5,3,2,30,2,9,8,9,18,5422113
4586,825,6,3,3,12,1,9,6,1,33,6311673
4587,606,3,4,2,17,3,10,4,4,21,4841624
4588,646,3,5,3,24,1,8,8,10,36,4180615
4589,4712,5,3,3,21,3,8,10,8,37,6207793
4590,2149,4,2,3,33,0,7,9,1,40,4039730
4591,4061,6,1,1,0,2,7,3,5,28,5469467
4592,963,4,2,3,24,2,1,10,6,16,3805674
4593,4435,2,2,3,33,2,7,7,1,12,3717371
4594,4733,5,4,2,9,0,10,6,4,16,6468771
4595,2887,6,5,1,2,1,1,5,10,40,5791597
4596,3875,6,4,1,20,3,2,7,5,34,6469587
4597,2337,2,4,1,32,1,5,9,4,25,3532660
4598,2910,6,3,1,6,0,9,5,8,45,5933359
4599,3043,2,5,2,13,2,7,7,3,7,5019588
4600,2751,4,5,1,26,2,6,2,4,20,5019728
4601,1544,3,5,3,34,2,5,10,8,49,4539915
4602,1320,3,2,1,15,2,8,4,6,26,3709701
4603,1138,5,4,1,18,1,3,2,9,26,4368827
4604,1681,3,5,2,39,3,3,8,9,23,4502579
4605,2932,5,5,3,2,0,4,9,4,41,5864590
4606,4550,1,2,3,27,1,6,9,5,37,2954443
4607,2650,3,5,3,25,0,5,4,3,32,4243925
4608,3714,6,5,1,7,2,7,3,10,21,6617040
4609,2551,4,4,3,12,1,9,8,8,49,5380816
4610,4699,2,1,3,35,2,1,2,1,17,2149451
4611,4160,4,3,2,3,0,2,3,10,41,3605764
4612,1157,4,4,1,29,1,8,1,3,32,4757227
4613,4974,5,5,3,20,1,2,3,4,33,5474415
4614,3130,2,5,3,29,0,4,4,2,2,3559545
4615,2499,1,3,3,36,2,8,6,6,42,2919703
4616,1391,4,5,1,2,0,9,3,4,38,5293351
4617,2111,3,4,2,13,0,4,9,1,15,4665289
4618,675,2,1,2,8,2,8,6,6,28,3221866
4619,4667,5,1,3,34,3,9,4,6,44,5160366
4620,3525,5,1,3,33,3,8,4,8,48,4524094
4621,856,6,1,1,20,3,4,9,9,35,4976082
4622,2134,4,4,1,35,1,7,2,8,8,4055656
4623,1018,5,4,2,30,0,10,4,3,46,5051221
4624,2312,5,4,2,20,3,1,5,10,24,4765099
4625,3603,3,2,2,8,3,10,4,9,26,4254917
4626,3939,5,2,2,18,0,5,3,8,28,4018493
4627,3183,3,3,3,24,0,4,8,8,6,3593155
4628,3027,3,1,2,18,3,6,3,8,28,3583976
4629,1570,6,4,1,36,2,4,9,6,40,5544821
4630,3488,6,4,1,1,2,1,7,5,13,5966668
4631,2906,5,2,3,27,3,1,8,5,40,4429687
4632,2557,3,2,3,16,3,5,2,5,29,3413891
4633,3817,6,1,3,14,0,3,8,5,4,5228765
4634,3077,3,4,3,40,2,2,3,4,31,3744000
4635,3593,5,1,3,10,2,9,7,4,14,5241887
4636,3769,5,5,3,17,1,1,5,6,38,4971250
4637,3192,6,1,3,8,3,3,8,4,48,5413010
4638,4729,1,4,1,7,0,3,6,5,2,3173929
4639,2103,2,2,1,40,0,9,1,5,29,2147191
4640,3563,1,3,2,25,3,2,7,6,39,2684100
4641,1948,3,3,2,26,3,9,2,6,37,3826026
4642,4821,3,3,2,31,0,9,6,7,47,4133933
4643,636,4,1,2,28,2,7,4,3,47,3495447
4644,4433,5,5,2,2,3,9,2,10,24,6451746
4645,2206,6,2,3,36,1,3,6,4,46,4880477
4646,3786,4,1,1,26,1,2,6,3,17,3512717
4647,915,6,5,3,12,3,7,7,2,17,6817943
4648,1782,6,4,1,25,2,6,7,7,30,5790668
4649,3820,3,1,2,30,0,3,2,8,44,2100391
4650,3568,6,3,2,38,0,4,4,6,31,5025192
4651,3765,6,1,2,25,2,9,3,8,46,5034044
4652,4720,4,5,1,21,1,7,6,1,24,6038541
4653,3083,5,5,3,33,2,9,9,2,20,6860670
4654,3558,1,3,3,4,1,9,5,6,45,3406945
4655,1055,1,3,2,21,2,5,4,5,26,2434438
4656,4078,1,3,2,33,0,8,8,2,26,3322556
4657,1638,3,1,3,40,2,10,10,5,11,3832292
4658,1751,2,5,2,15,3,3,7,2,14,4341112
4659,4515,4,3,2,16,0,2,3,3,39,3824855
4660,1029,1,4,2,27,2,9,3,1,17,3505272
4661,3415,2,5,1,0,2,1,6,4,15,4155446
4662,4030,2,4,1,13,2,6,8,4,13,4319784
4663,2924,5,4,3,7,0,9,10,8,19,6140190
4664,3317,6,3,1,10,2,5,10,3,9,6664454
4665,2962,5,3,2,0,3,8,9,4,20,6450415
4666,4666,2,4,1,27,1,5,3,7,15,3179993
4667,2738,4,4,2,13,2,6,9,2,15,5902004
4668,1345,4,1,3,28,0,9,7,1,24,3848208
4669,4039,3,4,3,13,3,8,5,9,33,4586829
4670,2002,4,3,3,10,3,7,3,4,43,4985443
4671,2718,6,1,2,34,2,4,2,3,26,4794964
4672,4385,6,3,1,29,3,1,2,6,48,5385070
4673,2855,2,4,1,34,2,8,7,7,16,3927115
4674,3137,2,2,3,5,0,2,4,9,19,2204750
4675,4627,1,2,2,33,1,4,3,1,39,2394288
4676,4391,5,1,2,36,2,6,3,7,15,4404144
4677,3310,6,4,3,12,1,7,2,9,22,5848212
4678,1009,3,3,2,7,2,10,7,4,11,4490392
4679,3958,4,2,2,11,2,7,7,7,41,4807693
4680,966,2,4,3,35,2,2,7,2,20,2947975
4681,1980,3,5,2,32,0,10,4,9,14,4548572
4682,3300,3,2,1,11,0,6,7,2,9,4172044
4683,4841,6,5,3,32,2,9,5,3,23,7368329
4684,840,5,5,3,15,2,10,1,2,43,5754059
4685,3247,3,4,1,8,1,4,4,6,28,4019616
4686,4100,6,5,3,37,2,9,8,9,27,6835195
4687,1522,5,2,2,24,2,5,6,1,20,4679126
4688,1382,5,5,2,35,0,7,2,3,15,5086720
4689,2132,6,3,2,11,1,9,8,9,17,6049952
4690,2841,3,3,3,36,2,3,6,7,40,3284288
4691,1842,6,2,1,21,2,3,10,5,19,5324797
4692,4263,2,4,2,1,2,1,3,6,8,3264472
4693,2593,1,3,2,32,0,1,4,8,39,1266946
4694,1550,4,2,3,30,0,5,1,1,8,3277695
4695,3560,6,1,1,25,2,4,4,6,28,4939446
4696,1998,2,1,2,40,3,1,5,3,47,2217479
4697,4730,1,4,2,12,3,8,7,4,7,4122770
4698,2046,5,4,3,35,3,7,7,3,40,5791493
4699,4761,4,3,2,13,3,9,4,5,21,5602320
4700,4299,5,2,3,7,1,5,9,6,8,5363532
4701,2325,2,3,2,29,0,5,8,3,25,2919358
4702,2690,3,1,1,39,0,9,3,1,33,3227879
4703,3591,4,3,1,12,0,3,4,9,34,3705905
4704,4822,1,3,2,38,1,10,1,10,49,2787350
4705,3614,3,2,2,11,0,10,5,2,5,4192410
4706,1104,3,4,3,29,3,8,5,3,30,4551279
4707,4730,2,3,2,21,3,6,4,3,11,3680222
4708,1201,1,4,1,29,1,2,7,2,8,2341956
4709,671,6,3,1,30,3,6,10,2,29,6276553
4710,4848,3,3,3,0,0,4,4,5,23,4049321
4711,892,5,1,1,40,3,10,9,9,10,4927118
4712,2232,3,3,3,27,0,9,6,1,41,4087419
4713,1411,5,5,1,9,2,1,9,10,46,5616508
4714,2291,4,3,3,3,1,2,9,1,20,4745549
4715,1261,3,1,1,37,3,5,3,1,11,3177434
4716,3255,5,5,1,19,3,3,3,7,27,5460362
4717,1172,1,5,2,27,3,5,8,9,40,3268213
4718,2952,5,3,1,24,2,2,3,1,7,4834669
4719,4680,4,3,2,16,0,3,10,4,14,4606880
4720,3335,2,2,2,19,0,5,7,8,3,3011632
4721,2012,3,1,2,16,3,10,3,7,39,3462234
4722,1033,1,3,1,30,2,8,10,1,4,3513436
4723,4488,2,1,1,5,0,10,5,6,21,3259893
4724,4274,4,3,3,14,3,4,7,9,20,5158912
4725,2092,1,5,1,26,3,8,3,4,15,3595545
4726,1565,5,5,1,15,2,9,6,10,15,6169218
4727,4162,5,1,2,9,2,7,4,8,19,4782569
4728,4853,2,2,1,24,2,8,8,10,30,3291991
4729,4038,3,1,2,9,2,8,7,5,9,4139524
4730,1491,5,3,2,34,2,2,4,6,40,3987078
4731,2698,4,1,1,8,3,8,10,4,31,5254189
4732,2383,4,4,2,0,2,1,4,2,19,4791924
4733,3539,3,4,2,18,1,4,1,6,26,3722168
4734,1871,5,1,1,21,0,6,10,6,31,4560761
4735,4762,5,5,3,22,3,1,3,10,49,5421294
4736,4513,3,2,3,11,2,5,1,9,12,3187310
4737,3834,1,4,3,15,0,5,5,8,18,3021376
4738,1222,1,1,2,8,2,7,7,5,32,2308301
4739,1989,3,3,2,13,1,7,7,7,11,3897705
4740,3124,4,3,3,23,1,4,10,4,16,4703139
4741,4723,5,4,3,20,2,9,2,7,37,5885478
4742,3469,1,3,3,22,0,7,1,3,9,2529377
4743,1487,6,2,1,20,1,7,10,4,37,5531892
4744,1589,1,5,2,35,1,7,3,2,21,3039347
4745,1005,1,3,3,0,3,4,2,8,29,2681834
4746,3245,3,1,3,27,0,6,4,7,48,2845964
4747,2161,4,2,2,36,0,6,2,8,24,3253139
4748,4188,6,5,2,16,2,10,3,6,12,7202989
4749,1593,4,2,3,36,1,2,1,9,35,2994047
4750,3333,3,5,1,27,2,6,3,9,31,4529979
4751,4754,1,2,2,30,2,9,2,3,34,2671032
4752,709,5,1,3,36,2,4,4,5,27,3559085
4753,3260,4,2,3,25,3,9,5,8,6,4922180
4754,1355,3,2,3,24,1,4,6,8,19,2760100
4755,2880,1,4,2,11,0,7,8,4,25,3405514
4756,4949,1,3,1,5,0,4,10,4,10,3295921
4757,1188,3,5,3,25,3,9,5,1,26,5347716
4758,3114,3,2,3,0,2,3,9,5,6,3990003
4759,978,6,2,3,26,2,10,3,2,14,5564166
4760,3968,3,5,1,16,1,9,1,1,42,5230553
4761,1322,5,2,1,20,1,9,6,3,50,4712590
4762,2440,6,5,2,34,0,5,6,8,3,5745234
4763,873,3,1,1,34,2,2,7,3,32,2792703
4764,907,5,5,2,24,1,5,2,5,33,5148522
4765,3373,6,1,3,19,1,9,6,4,43,5303878
4766,690,1,3,2,25,2,5,5,3,15,2483046
4767,4929,6,4,3,13,0,3,4,6,24,5878080
4768,4966,2,4,2,37,0,1,2,5,3,2988304
4769,1490,2,3,1,15,1,8,5,2,30,3276846
4770,4925,4,4,1,40,1,7,4,4,29,4938990
4771,2436,6,5,3,40,1,10,5,7,37,6269404
4772,1508,4,4,2,18,3,1,3,1,50,4695433
4773,1004,3,1,3,30,0,3,4,2,30,2541678
4774,3517,1,3,3,30,3,10,9,10,18,3404799
4775,1520,1,4,2,38,3,4,8,7,26,3127615
4776,4904,6,5,2,3,3,9,10,7,44,8113488
4777,743,6,3,2,13,3,1,5,4,50,5056325
4778,2699,1,5,1,17,3,4,8,8,16,3673085
4779,1212,4,1,1,5,2,2,3,9,19,3011258
4780,4858,1,2,1,10,2,7,9,6,16,3449842
4781,3930,4,5,3,21,0,3,4,9,26,4347196
4782,4446,1,3,3,17,2,5,6,5,12,3019017
4783,2599,4,5,1,40,3,2,9,9,19,4780178
4784,1674,1,1,1,2,2,10,5,3,10,3071081
4785,1128,1,3,3,1,1,7,9,8,25,3240353
4786,2262,2,5,1,16,3,6,3,5,11,4127348
4787,2571,5,2,3,1,2,4,5,10,23,4516250
4788,1094,2,1,1,39,1,3,5,3,45,1836023
4789,3182,3,2,3,37,1,6,9,7,47,3725808
4790,1771,5,2,1,28,0,9,1,5,3,4194718
4791,4551,4,1,2,39,3,5,5,3,41,4139946
4792,3665,3,1,3,22,0,5,5,5,3,3273950
4793,3421,6,2,2,2,1,6,5,10,45,5154834
4794,4306,5,4,1,39,2,9,4,1,41,5734544
4795,4547,4,4,1,18,2,1,8,7,27,5013835
4796,3128,1,4,2,35,0,8,3,2,32,3166878
4797,1627,5,4,3,33,2,2,4,9,47,4614737
4798,2727,3,1,2,23,2,2,7,3,7,3215478
4799,4509,2,1,3,28,3,3,5,9,30,2764551
4800,3346,4,4,2,31,0,3,7,7,37,4100487
4801,3419,4,4,2,40,1,5,4,3,13,4276599
4802,1946,2,1,1,10,1,8,6,7,40,2507876
4803,660,4,1,3,38,1,1,10,10,13,2615613
4804,4841,2,1,3,6,1,1,3,3,39,2656769
4805,1265,1,4,2,6,1,2,6,7,40,2472544
4806,1559,2,3,3,34,0,7,3,10,42,2294489
4807,2951,1,3,2,14,0,6,1,5,30,2487743
4808,2301,2,1,1,35,1,5,6,8,4,1952282
4809,1606,1,1,1,37,2,7,7,6,22,2273598
4810,3090,6,5,3,28,0,2,1,2,23,5574951
4811,4428,6,2,3,6,0,5,6,2,43,5659484
4812,1792,5,5,2,8,2,3,5,3,29,5766694
4813,4626,1,2,3,17,2,8,9,4,4,3562920
4814,829,2,3,3,39,1,10,2,2,18,3062590
4815,1390,5,1,1,29,1,1,2,2,17,3575416
4816,3052,4,4,2,19,3,5,1,8,8,4850928
4817,2155,2,5,2,34,3,8,7,2,25,4344796
4818,2373,3,2,3,27,2,4,2,8,17,2749243
4819,2731,6,4,2,11,1,6,8,1,47,6515764
4820,3538,5,4,3,40,1,1,1,10,49,4066957
4821,2374,1,2,1,40,3,1,10,9,38,2008138
4822,991,4,5,1,3,2,6,6,3,4,5581679
4823,1164,5,1,3,38,3,9,5,10,44,4390482
4824,4355,3,5,3,23,2,7,1,2,40,4534944
4825,1062,6,1,1,14,2,4,9,8,32,4839308
4826,4015,1,5,2,12,1,9,10,1,38,4358193
4827,3337,1,1,3,37,0,3,4,10,42,667612
4828,2142,1,3,2,32,3,9,2,9,32,2487213
4829,1061,6,4,3,25,1,9,10,9,16,6398319
4830,934,4,2,3,33,3,5,4,1,42,3794624
4831,4999,3,5,1,26,1,3,10,10,29,4454812
4832,4811,2,1,3,25,0,5,6,5,40,2754132
4833,3645,1,2,3,21,0,4,8,2,25,2187193
4834,3022,6,5,1,3,3,5,9,5,49,7242389
4835,4249,1,5,2,8,0,5,5,4,37,3472624
4836,2797,4,1,3,39,1,1,6,6,28,2865850
4837,1329,5,4,3,11,1,6,5,9,20,5471835
4838,2167,5,4,3,37,3,2,2,1,39,4955814
4839,3918,1,3,3,3,0,3,9,1,17,2801374
4840,4779,6,1,1,14,2,6,4,2,39,5676446
4841,1013,6,3,2,16,1,2,9,1,41,5328364
4842,3751,3,5,2,35,3,10,3,7,34,4761603
4843,2362,3,5,3,24,2,2,7,5,23,4273203
4844,3435,4,2,1,3,3,10,10,1,7,6170160
4845,2116,6,4,2,16,1,6,7,3,23,6202840
4846,2563,3,2,2,30,3,3,1,1,9,3139698
4847,809,3,1,3,22,2,8,7,5,38,3154222
4848,1598,6,2,3,18,1,10,1,6,17,5611242
4849,1230,6,4,3,33,1,6,7,3,38,6121692
4850,2663,4,4,2,20,2,4,9,9,39,4867071
4851,1917,6,2,2,37,2,10,7,4,28,5624891
4852,2812,1,5,1,11,1,7,5,1,34,3740982
4853,3276,3,5,3,8,3,5,2,6,28,4495495
4854,3962,3,5,2,18,1,5,7,5,19,4630652
4855,4383,2,2,1,27,0,4,1,4,4,2551257
4856,2070,4,1,2,22,1,6,3,7,4,3552833
4857,4802,5,1,2,40,2,2,2,3,42,4035322
4858,2315,3,3,3,18,0,8,7,4,26,3879016
4859,2180,3,5,3,7,2,5,5,7,5,4701828
4860,691,1,5,3,6,3,6,9,3,2,4380756
4861,1103,4,2,2,13,0,7,10,2,35,4200205
4862,1640,2,1,3,8,0,3,1,6,11,1993002
4863,3824,5,5,1,35,2,10,1,3,18,6043871
4864,2614,1,5,2,38,3,9,2,6,7,3595742
4865,4456,4,1,3,18,3,10,10,10,34,4863985
4866,2312,4,2,1,1,2,5,3,8,2,4181845
4867,4886,2,2,2,30,2,3,10,2,45,3212024
4868,1960,3,3,1,35,3,6,2,8,26,3433492
4869,4156,2,1,1,38,3,5,10,2,37,3037270
4870,3188,5,1,1,37,1,10,5,3,29,4675902
4871,4656,1,3,2,25,3,7,4,8,31,3104558
4872,2640,5,4,2,23,2,6,8,1,37,5847616
4873,1912,6,1,2,35,3,9,6,3,35,5319250
4874,873,5,2,1,19,1,3,6,3,16,4426005
4875,3100,5,3,1,18,0,6,7,7,7,5164871
4876,1816,1,4,3,5,2,6,7,7,37,3586947
4877,4959,3,3,1,14,1,9,4,1,47,4828868
4878,1914,4,5,1,0,2,5,3,10,50,4862845
4879,1028,1,1,2,3,3,9,8,8,16,3137081
4880,2174,4,1,2,14,3,10,6,2,46,4798287
4881,4582,1,4,3,40,3,2,1,6,36,2696176
4882,731,2,2,2,31,0,6,7,6,42,2599186
4883,2722,1,3,2,27,3,7,1,2,5,3057315
4884,4807,1,3,1,2,0,3,7,8,5,2504643
4885,1631,5,5,3,5,2,3,2,9,45,5176907
4886,764,1,2,1,13,2,1,4,8,4,1731724
4887,3037,1,3,3,27,3,5,2,7,49,2301060
4888,3167,6,4,3,39,1,7,1,1,22,5673760
4889,3253,5,1,3,18,1,2,9,2,36,4691537
4890,4716,4,3,3,20,3,2,10,7,20,4937596
4891,3519,6,4,1,12,0,2,1,6,39,5214630
4892,667,2,1,3,38,3,3,4,10,6,1871482
4893,4693,5,3,2,34,0,8,9,4,9,5477724
4894,4949,2,3,2,35,3,10,2,4,9,4285655
4895,4819,6,1,2,6,1,8,6,7,2,5899702
4896,3707,3,4,1,21,3,5,7,5,47,4440803
4897,819,5,5,1,8,0,1,6,7,22,5078608
4898,3991,1,2,1,15,3,6,6,5,43,2920510
4899,1708,5,1,2,30,0,1,5,8,1,3236845
4900,4918,6,4,1,35,0,5,2,5,42,5413670
4901,3196,3,4,1,37,0,8,5,3,50,4241676
4902,2846,6,1,2,4,3,5,4,4,27,5547425
4903,4109,2,5,1,20,1,5,3,1,50,3943835
4904,1119,4,3,3,38,3,9,3,1,12,4656318
4905,1061,1,4,1,24,1,9,3,1,22,3438986
4906,911,3,2,3,39,3,9,6,4,19,3910366
4907,4623,6,5,1,37,2,10,6,5,41,7119252
4908,4233,3,2,3,14,2,4,1,8,27,3122929
4909,3932,6,4,2,12,2,6,3,1,49,6270069
4910,4402,4,2,3,24,2,1,9,1,33,4179779
4911,2757,3,1,1,31,3,5,3,8,31,2725803
4912,4286,3,1,3,12,2,1,6,5,45,3272498
4913,4900,4,2,2,17,2,7,4,5,45,4508271
4914,3846,4,3,1,39,0,5,5,10,39,3733259
4915,4037,1,1,2,33,1,10,10,10,20,2378457
4916,3264,3,4,2,29,2,2,7,4,43,3894779
4917,861,1,4,3,12,0,5,1,1,18,2765470
4918,1499,6,2,2,38,0,5,4,5,42,4662742
4919,4977,1,2,2,5,1,10,10,9,33,3328502
4920,4101,1,4,2,19,0,5,8,9,38,3051218
4921,1637,6,5,1,27,3,8,7,8,37,6869730
4922,2678,1,2,2,26,0,3,9,6,11,2303939
4923,1835,4,1,3,28,0,2,7,6,39,3207430
4924,4869,6,5,1,16,3,3,10,6,35,7229764
4925,1398,1,3,3,26,3,4,6,10,39,2328919
4926,1303,6,3,3,3,1,2,4,2,43,5118631
4927,3565,5,1,3,25,3,3,8,5,12,4704876
4928,1326,3,2,3,18,1,2,2,10,34,2519369
4929,2967,6,2,2,24,0,2,3,3,7,4725634
4930,2186,5,3,3,34,1,8,9,2,25,5439113
4931,3889,1,5,2,27,3,1,10,5,34,3770452
4932,3301,1,2,1,32,1,5,4,2,23,2054147
4933,869,1,1,3,17,2,1,1,1,44,1359114
4934,1075,6,5,3,38,3,8,2,10,48,5864881
4935,3787,6,4,1,32,2,2,3,5,21,5577042
4936,2414,6,5,3,15,3,5,3,3,50,6564348
4937,2601,6,4,2,5,0,1,8,4,30,5548959
4938,4892,3,3,3,8,3,7,3,1,12,4648027
4939,2639,6,3,3,3,0,4,10,7,7,5790388
4940,1090,6,2,3,29,3,8,9,2,27,5842476
4941,2688,4,2,3,4,3,2,1,2,2,3947685
4942,1757,1,1,1,38,2,6,9,1,11,2098113
4943,3783,6,3,3,4,0,10,6,5,31,6328690
4944,4185,1,2,1,11,2,9,5,7,33,2946623
4945,4021,6,1,3,9,0,1,10,4,44,4762184
4946,629,1,1,2,17,2,4,3,2,26,1394437
4947,3482,6,1,2,13,0,1,5,3,31,4247421
4948,1808,6,3,2,11,0,2,3,2,19,5267994
4949,1195,2,5,1,14,2,5,8,5,15,3972759
4950,1796,4,1,1,31,0,10,7,3,18,4220617
4951,1232,4,4,1,10,1,8,8,6,17,5294201
4952,1103,4,4,3,22,3,4,6,7,14,4933200
4953,1046,1,4,3,16,1,7,6,10,42,2483988
4954,4618,5,5,2,38,0,1,8,9,11,5272317
4955,3415,3,4,3,34,3,1,7,1,14,4219208
4956,1325,5,4,3,34,1,9,6,9,29,5349775
4957,1846,5,3,2,0,1,9,7,2,45,5825234
4958,2879,1,1,2,11,3,8,7,1,29,2795779
4959,3772,6,2,2,35,1,5,7,7,35,4923456
4960,2967,5,5,3,22,2,6,2,6,29,5724662
4961,1607,2,2,3,3,2,4,3,8,22,2814490
4962,3744,2,4,1,30,2,3,1,9,37,3016825
4963,1950,3,2,3,3,1,4,1,4,5,3203192
4964,4017,2,1,1,23,2,2,9,9,33,2379060
4965,4413,3,5,1,33,2,5,9,2,4,5121582
4966,3067,6,3,2,2,1,9,7,6,3,6811799
4967,2394,2,2,3,13,2,1,8,1,27,3000177
4968,1183,1,2,3,16,0,4,2,1,24,2013373
4969,3289,3,1,1,33,0,7,10,2,20,3820570
4970,4908,5,1,2,7,1,8,3,6,46,5048949
4971,4751,1,4,2,11,0,8,4,3,1,3783223
4972,3365,3,3,2,38,1,1,7,9,39,2732612
4973,653,6,3,2,11,1,7,9,1,35,6077912
4974,3814,5,1,3,33,3,9,8,9,18,5355105
4975,1468,3,3,3,30,1,10,4,5,18,3826025
4976,4327,6,2,2,9,2,5,2,9,5,5241593
4977,3730,6,4,3,6,2,7,5,1,37,6666303
4978,3745,3,1,3,33,2,10,7,7,21,4005301
4979,3665,3,5,1,6,0,10,9,7,34,5150666
4980,617,6,4,3,27,2,6,9,4,3,6204369
4981,4417,5,2,2,13,2,3,3,6,37,4580758
4982,1381,5,4,2,29,0,9,10,7,47,5738296
4983,4133,5,2,2,10,1,5,8,1,8,5414740
4984,3333,4,5,3,18,1,6,2,5,38,4994396
4985,4878,1,3,3,10,2,2,2,9,22,2192109
4986,2905,3,4,2,17,1,2,5,9,21,3491706
4987,4675,4,5,1,30,1,9,3,10,16,5544488
4988,3803,5,4,3,37,0,9,1,8,32,4731150
4989,4937,5,5,3,24,1,4,7,5,2,5756575
4990,1462,6,3,3,5,2,9,9,5,33,6717239
4991,3499,2,4,3,21,3,7,9,3,36,4738247
4992,947,3,4,3,21,0,7,9,6,39,4211750
4993,4940,5,4,1,24,1,1,3,6,34,4751356
4994,2634,1,1,1,19,3,6,4,2,13,2702137
4995,1233,2,3,2,7,3,8,8,9,4,3956600
4996,834,3,4,3,31,3,9,10,10,35,4441773
4997,2482,2,1,3,22,0,2,4,3,17,2090528
4998,4468,4,4,2,29,2,3,7,7,34,4873801
4999,3511,5,5,2,21,2,2,10,7,20,5743549
5000,1593,5,5,1,33,3,7,4,1,31,5833525
